series,generation,name,engine,transmission,drive_type,avg_fuel_consumption,acceleration,clearance,options
Granta,2 (FL),Standart,ВАЗ-11186,5МТ,Передний,7.2,11.6,160,ЭУР, ABS, подушка безопасности водителя
Granta,2 (FL),Comfort,ВАЗ-21127,5МТ,Передний,7.5,10.5,160,2 подушки, мультимедиа с экраном, подогрев сидений, кондиционер
Granta,2 (FL),Lux,ВАЗ-21127,Вариатор,Передний,8.1,12.5,160,климат-контроль, легкосплавные диски, датчики света и дождя
Vesta,1 (NG),Classic,ВАЗ-21127,5МТ,Передний,7.2,11.8,178,2 подушки, ABS, ESP, кондиционер, ЭУР
Vesta,1 (NG),Comfort,ВАЗ-21179,5МТ,Передний,7.6,10.2,178,мультимедиа с 7 экраном, камера заднего вида, круиз-контроль, климат-контроль
Vesta,1 (NG),Lux,ВАЗ-21179,Вариатор,Передний,7.6,10.2,178,кожаный руль, датчики парковки, светодиодная оптика, система мониторинга слепых зон
Largus,1,Standard,ВАЗ-21116,5МТ,Передний,7.9,14.5,175,2 подушки, ABS, кондиционер (опц.)
Largus,1,Comfort,ВАЗ-21127,5МТ,Передний,8.1,12.5,175,кондиционер, мультимедиа, подогрев сидений
Largus,1,Lux,ВАЗ-21127,5АКПП,Передний,8.1,12.5,175,климат-контроль, датчики парковки, легкосплавные диски
Niva,Niva (ВАЗ-2121/2131),Standard,ВАЗ-21214,5МТ,Полный (4WD),10.5,17.0,205,Блокировка межосевого дифференциала, редукторные мосты
Niva,Niva (ВАЗ-2121/2131),Comfort,ВАЗ-21214,5МТ,Полный (4WD),10.5,17.0,205,кондиционер, электростеклоподъемники, центральный замок
Niva,Niva (ВАЗ-2121/2131),Lux,ВАЗ-21214,5МТ,Полный (4WD),10.5,17.0,205,мультимедиа с навигацией, подогрев сидений, ГУР
Niva Travel,1,Standard,ВАЗ-21214,5МТ,Полный (4WD),10.8,17.0,205,Новая рамная платформа, ABS, 1 подушка
Niva Travel,1,Comfort,ВАЗ-21214,5МТ,Полный (4WD),10.8,17.0,205,кондиционер, мультимедиа, подогрев сидений, ЭПС
Niva Travel,1,Lux,ВАЗ-21214,5МТ,Полный (4WD),10.8,17.0,205,климат-контроль, камера заднего вида, датчики парковки, светодиодные фары
