id,name,index,type,gears,drive_types,torque,brand_id,concern_id
9664f1bd-0ffc-47ab-bb5a-56fc377e0ef7,JH3,,1,5,{1},,852caf6a-2391-4431-9919-47d2a058225f,
03373694-08e8-48e6-af55-bcad28288acc,JR5,,1,5,{1},,852caf6a-2391-4431-9919-47d2a058225f,
950a1a51-1eec-4707-9387-ec8ecaf0e502,AW50-40LE,,2,4,"{1,3}",,2ea36124-2178-4c7d-b088-22819af17280,
7ffa4153-81c7-458e-9141-c1e139eebac8,AW50-40LM,,2,4,{1},,2ea36124-2178-4c7d-b088-22819af17280,
54a3c33d-7311-4fd8-bff7-861e2d3ba347,AW50-40LN,,2,4,{1},,2ea36124-2178-4c7d-b088-22819af17280,
25b47ff4-1106-44dd-b79b-5efc5964ad93,AW50-42LE,,2,4,"{1,3}",,2ea36124-2178-4c7d-b088-22819af17280,
dfefd1da-ea28-416b-b18d-d98b7403e82a,AW60-40LE,,2,4,{1},,2ea36124-2178-4c7d-b088-22819af17280,
5bab1d67-efd2-4582-8540-2365e91feada,AW60-40SN,,2,4,"{1,3}",,2ea36124-2178-4c7d-b088-22819af17280,
661b1e89-d839-457a-8ece-473e8e88c226,AW60-41LE,,2,4,{1},,2ea36124-2178-4c7d-b088-22819af17280,
ded747d1-e8af-48c6-b66e-a6f43ff22ab3,AW60-41SN,,2,4,"{1,3}",,2ea36124-2178-4c7d-b088-22819af17280,
3ac967f6-c0b8-47cf-8ea6-2019343d85d8,AW70-40LE,,2,4,{1},,2ea36124-2178-4c7d-b088-22819af17280,
1466780b-9d40-475f-89b2-530beef23df9,AW72-41LE,,2,4,{1},,2ea36124-2178-4c7d-b088-22819af17280,
f539fd13-14b5-4260-91f0-45550998f43f,AW73-41LS,,2,4,{3},,2ea36124-2178-4c7d-b088-22819af17280,
f0168907-2234-4b32-8363-6583b6506dda,AW80-40LE,,2,4,{1},,2ea36124-2178-4c7d-b088-22819af17280,
d5b7eacd-3488-4faa-bee3-83d5020c0ac8,AW80-40LS,,2,4,"{1,3}",,2ea36124-2178-4c7d-b088-22819af17280,
1044babc-c26d-462d-9358-b90718362709,AW81-40LE,,2,4,{1},,2ea36124-2178-4c7d-b088-22819af17280,
428e3695-b84f-4685-abb4-973f1f8d3f7e,AW81-40LS,,2,4,{1},,2ea36124-2178-4c7d-b088-22819af17280,
ded42d41-1359-44a6-84a2-8cec44aa78e1,AW90-40LS,,2,4,"{1,3}",,2ea36124-2178-4c7d-b088-22819af17280,
3148ca84-efb2-4df0-9845-fc5e78e10b51,AW91-40LS,,2,4,{1},,2ea36124-2178-4c7d-b088-22819af17280,
7f881860-bf92-443c-ba94-9514305c5e16,TS40-SN,,2,4,{1},,2ea36124-2178-4c7d-b088-22819af17280,
512430be-c071-4750-9347-3d946359c0de,AW55-50SN,,2,5,"{1,3}",,2ea36124-2178-4c7d-b088-22819af17280,
1fa9bfbe-0869-4d4c-8a1b-2048ec4aef16,AW55-51LE,,2,5,"{1,3}",,2ea36124-2178-4c7d-b088-22819af17280,
3682aa6a-8bb1-47d2-b1ff-d53af42af25c,AW55-51SN,,2,5,"{1,3}",,2ea36124-2178-4c7d-b088-22819af17280,
53d57357-c511-4dc4-90a2-9822cc94cfeb,AW95-50LS,,2,5,{1},,2ea36124-2178-4c7d-b088-22819af17280,
d6a60ea1-1f0b-4dfd-9a2e-9610f078030f,AW95-51LS,,2,5,"{1,3}",,2ea36124-2178-4c7d-b088-22819af17280,
fcdf8e74-9ded-44dd-9eb8-6dec1fcc2bbc,TM-60LS,,2,6,"{1,3}",,2ea36124-2178-4c7d-b088-22819af17280,
17198263-7d5f-426d-9702-7cd2665db500,TF-60SN,,2,6,{1},,2ea36124-2178-4c7d-b088-22819af17280,
4908bd26-2630-456e-8b48-1c1e60f1cf68,TF-61SN,,2,6,{1},,2ea36124-2178-4c7d-b088-22819af17280,
11c48b22-0b9e-43c2-9148-6f642a7277c7,TF-62SN,,2,6,"{1,3}",,2ea36124-2178-4c7d-b088-22819af17280,
ba2dc50b-9d62-4863-ab9a-177ba9ab3145,TF-70SC,,2,6,{1},,2ea36124-2178-4c7d-b088-22819af17280,
49ed55e0-7819-4dcf-9368-0fb6a2335003,TF-71SC,,2,6,"{1,3}",,2ea36124-2178-4c7d-b088-22819af17280,
08c87405-bca7-41e4-9a51-96f102d5aac6,TF-72SC,,2,6,"{1,3}",,2ea36124-2178-4c7d-b088-22819af17280,
1845e63e-afe8-488b-8444-ade69e11df33,TF-73SC,,2,6,"{1,3}",,2ea36124-2178-4c7d-b088-22819af17280,
f483585a-4a89-43be-9713-f688244aa915,TF-80SC,,2,6,"{1,3}",,2ea36124-2178-4c7d-b088-22819af17280,
9bc3dd35-1d3c-4570-9922-c4fe2904a4a3,TF-80SD,,2,6,"{1,3}",,2ea36124-2178-4c7d-b088-22819af17280,
c20c4ccd-029d-4ae1-9cf5-402291a2f1b5,TF-81SC,,2,6,"{1,3}",,2ea36124-2178-4c7d-b088-22819af17280,
cdb688a2-752a-4e7b-a99d-fd36977bb0a9,TF-82SC,,2,6,{1},,2ea36124-2178-4c7d-b088-22819af17280,
afed0ce0-58c6-4644-8bdf-8bf4e5a4380a,TG-80LS,,2,8,{1},,2ea36124-2178-4c7d-b088-22819af17280,
e5e4d4a8-4372-4d24-a948-52c6d459ffc2,U880F,,2,8,{3},,2ea36124-2178-4c7d-b088-22819af17280,
0d2b3fa5-d3d4-4c1d-a47c-311f65a1e75c,TG-81SC,,2,8,"{1,3}",,2ea36124-2178-4c7d-b088-22819af17280,
e3f05fff-0759-41fe-8c34-165a3311ebeb,TG-81SD,,2,8,{3},,2ea36124-2178-4c7d-b088-22819af17280,
29d8f043-dae6-4253-91d7-5ba5d3d6a2c6,AW03-70LE,,2,4,"{2,3}",,2ea36124-2178-4c7d-b088-22819af17280,
edc26bef-ac58-4a9c-99e5-e559b234c0b3,AW03-70LS,,2,4,"{2,3}",,2ea36124-2178-4c7d-b088-22819af17280,
ea9bcb1b-9a19-4185-9f90-3b6f611300fa,AW03-71LE,,2,4,"{2,3}",,2ea36124-2178-4c7d-b088-22819af17280,
bf856d19-8312-403c-b7ea-58f8a8bbe9cc,AW03-71LS,,2,4,"{2,3}",,2ea36124-2178-4c7d-b088-22819af17280,
808c515e-72f0-4a44-80cd-b6b7c79355d6,AW03-72LE,,2,4,"{2,3}",,2ea36124-2178-4c7d-b088-22819af17280,
a3284064-f82c-4aad-a5fa-20eb8f4ed526,AW03-72LS,,2,4,"{2,3}",,2ea36124-2178-4c7d-b088-22819af17280,
87adf2b2-87ec-464a-915f-90cbd8825127,AW30-40LE,,2,4,"{2,3}",,2ea36124-2178-4c7d-b088-22819af17280,
fe7622c0-8628-4970-ba2a-83fe40bec58b,AW30-40LS,,2,4,"{2,3}",,2ea36124-2178-4c7d-b088-22819af17280,
687876e3-cc8f-42ec-9fe4-97214b8af15b,AW30-41LS,,2,4,{2},,2ea36124-2178-4c7d-b088-22819af17280,
5b8902b6-6cfd-4ee9-8518-12a955f13a97,AW 30-43LE,,2,4,"{2,3}",,2ea36124-2178-4c7d-b088-22819af17280,
edbcfb71-c4f2-4970-ae76-bff88ede772d,AW31-80LE,,2,4,{3},,2ea36124-2178-4c7d-b088-22819af17280,
7a943b15-ec5b-4010-821e-31e37f7cfdb5,TW-40E,,2,4,"{2,3}",,2ea36124-2178-4c7d-b088-22819af17280,
f40abb92-9bbb-4acd-8e97-1e79e714a123,AW30-50LE,,2,5,{2},,2ea36124-2178-4c7d-b088-22819af17280,
2aac0603-97a3-4f81-97e4-90b0d43d52b7,AW35-50LS,,2,5,{2},,2ea36124-2178-4c7d-b088-22819af17280,
b479ddf4-1c86-4388-a2f3-b7b46e339154,AW35-51LS,,2,5,{2},,2ea36124-2178-4c7d-b088-22819af17280,
8c0f0c5e-8f52-487d-a2ba-a30b3b03a504,TB-50LS,,2,5,"{2,3}",,2ea36124-2178-4c7d-b088-22819af17280,
689d3d01-7c5b-47d0-887f-1e318725f33e,TB-60SN,,2,6,"{2,3}",,2ea36124-2178-4c7d-b088-22819af17280,
c30c849c-e75f-4117-b059-7977097df731,TB-61SN,,2,6,"{2,3}",,2ea36124-2178-4c7d-b088-22819af17280,
afb8958b-7e75-4fd4-ab48-cca5d0e56e08,TB-65SN,,2,6,{2},,2ea36124-2178-4c7d-b088-22819af17280,
de7be68e-e8de-4fd6-9b50-55b69e7c6668,AC60F,,2,6,{3},,2ea36124-2178-4c7d-b088-22819af17280,
daac354e-e58e-4a0b-852c-842e491528a2,TB-68LS,,2,6,"{2,3}",,2ea36124-2178-4c7d-b088-22819af17280,
fcf78c25-733b-49be-84e3-58163aa31e24,TR-60SN,,2,6,{3},,2ea36124-2178-4c7d-b088-22819af17280,
624ddd8d-04b9-49b9-add2-2f54de6b0137,TL-80NF,,2,8,"{2,3}",,2ea36124-2178-4c7d-b088-22819af17280,
be89b7d9-c145-45bb-aedb-c84e372a115e,TL-80SD,,2,8,{2},,2ea36124-2178-4c7d-b088-22819af17280,
f62113dc-ceb0-4de8-b29c-0b6817fd4dc2,TL-80SN,,2,8,"{2,3}",,2ea36124-2178-4c7d-b088-22819af17280,
d25af6d9-b5fc-4a26-a8e9-5abf07a6da6c,TR-80SD,,2,8,{3},,2ea36124-2178-4c7d-b088-22819af17280,
2be1d450-b920-4271-aba0-d2f93f6b9cbb,TR-81SD,,2,8,{3},,2ea36124-2178-4c7d-b088-22819af17280,
76f8b276-d765-4af7-aa87-95fec92147d6,TR-82SD,,2,8,{3},,2ea36124-2178-4c7d-b088-22819af17280,
380ac1d3-6e49-4004-8fc7-840d3eb22806,XA-10LN,,4,0,{1},,2ea36124-2178-4c7d-b088-22819af17280,
2a37cc53-ea6b-4a23-8b40-28b2e8ff3105,XA-11LN,,4,0,{1},,2ea36124-2178-4c7d-b088-22819af17280,
382e1659-97b5-4561-906d-f16ebc6ec9ba,XA-15LN,,4,0,{1},,2ea36124-2178-4c7d-b088-22819af17280,
4ed512bd-303b-47f0-8de4-083f1f34b0a6,XB-20LN,,4,0,"{1,3}",,2ea36124-2178-4c7d-b088-22819af17280,
3c8e248c-9517-4e3d-800f-2f8cb833d346,C510,,1,5,{1},,b3b481bb-ccef-48aa-8a82-4c369f8d89c7,
62d66264-514a-4575-ae6e-f99704804504,C514,,1,5,{1},,b3b481bb-ccef-48aa-8a82-4c369f8d89c7,
c09522a6-9b8e-4dff-ba56-bd2271431891,C530,,1,5,{1},,b3b481bb-ccef-48aa-8a82-4c369f8d89c7,
68342812-84b2-412d-b18f-2653cc11d710,F23,,1,5,"{1,3}",,b3b481bb-ccef-48aa-8a82-4c369f8d89c7,
85b9b555-d5ca-48e8-acd7-da59c10c956d,F17,,1,5,{1},,b3b481bb-ccef-48aa-8a82-4c369f8d89c7,
00578e11-5052-42d3-a18d-9c57644ba2dd,M20,,1,6,{1},,b3b481bb-ccef-48aa-8a82-4c369f8d89c7,
c4fff348-824a-4f82-b898-fb72085a4def,M32,,1,6,"{1,3}",,b3b481bb-ccef-48aa-8a82-4c369f8d89c7,
2df0930c-2bfa-4d2d-9b41-6b98894a7bf4,C635,,1,6,"{1,3}",,b3b481bb-ccef-48aa-8a82-4c369f8d89c7,
436832f6-5569-46b1-b0e7-70d6a4c5d06f,Selespeed,,3,5,{1},,b3b481bb-ccef-48aa-8a82-4c369f8d89c7,
1050a07d-dab8-481f-8382-c4b8837ce63c,Selespeed,,3,6,{1},,b3b481bb-ccef-48aa-8a82-4c369f8d89c7,
9f85ef70-3925-401a-92a7-4a0d63082fbb,C635 DDCT,,3,6,"{1,3}",,b3b481bb-ccef-48aa-8a82-4c369f8d89c7,
806b062a-b6ca-425b-9d31-022964c783ab,C725 DDCT,,3,7,{1},,b3b481bb-ccef-48aa-8a82-4c369f8d89c7,
f54a4b79-afc2-45f1-aed5-86cd510e6409,010,,2,3,{1},,,af3efd39-13ea-444a-8806-ad68a110224c
a90ebf3d-c2a1-4479-9b10-da422aaf8168,087,,2,3,{1},,,af3efd39-13ea-444a-8806-ad68a110224c
0046aa99-f387-4973-b262-ad023e12cdeb,089,,2,3,{1},,,af3efd39-13ea-444a-8806-ad68a110224c
205eec6e-bce3-4ac4-888e-290e2cf85507,090,,2,3,{2},,,af3efd39-13ea-444a-8806-ad68a110224c
2625acce-232e-49a5-8d96-91321f3216e5,01М,,2,4,{1},,,af3efd39-13ea-444a-8806-ad68a110224c
aab57331-bfc9-4e6a-b2aa-9ac556fc67c9,01N,,2,4,{1},,,af3efd39-13ea-444a-8806-ad68a110224c
313648f3-3f34-4bca-b004-3e03b3a0701e,01P,,2,4,{1},,,af3efd39-13ea-444a-8806-ad68a110224c
6c9cdae2-2f77-46f7-abf5-81bf8e630de3,4HP24,,2,4,"{1,2,3}",,,af3efd39-13ea-444a-8806-ad68a110224c
27b10c0f-3099-4788-8fce-9f3f9eb29167,5HP24,,2,5,"{2,3}",,,af3efd39-13ea-444a-8806-ad68a110224c
0cf37cae-5da4-4a24-ab87-2f6102775d77,5HP19,,2,5,"{1,2,3}",,,af3efd39-13ea-444a-8806-ad68a110224c
ff1a4a22-ac9b-44e1-8032-40a670f80863,JF506E,,2,5,"{1,3}",,,af3efd39-13ea-444a-8806-ad68a110224c
9225c069-f1c9-4dc0-9b74-30931f7819a0,AQ160,,2,6,{1},,,af3efd39-13ea-444a-8806-ad68a110224c
31f1e85e-066e-4eda-9dc3-db626dd3f453,AQ250,,2,6,{1},,,af3efd39-13ea-444a-8806-ad68a110224c
4207200d-2c04-4f08-a17a-72f1f36f1ef4,AQ260,,2,6,{1},,,af3efd39-13ea-444a-8806-ad68a110224c
0a47008c-62ec-45cd-a970-bcf5149469e3,TF-61SN,,2,6,{1},,,af3efd39-13ea-444a-8806-ad68a110224c
70adcf9a-7e81-4be9-93e6-18a7298b1306,TF-62SN,,2,6,"{1,3}",,,af3efd39-13ea-444a-8806-ad68a110224c
e6576f34-733d-40e4-ae85-4560df9753c5,AL420,,2,6,"{1,3}",,,af3efd39-13ea-444a-8806-ad68a110224c
65827351-7f97-4f3c-b83f-d5996722a40d,AL600,,2,6,{3},,,af3efd39-13ea-444a-8806-ad68a110224c
3dfb948c-0f96-48cb-9823-82235e3865f1,AL651,,2,6,{3},,,af3efd39-13ea-444a-8806-ad68a110224c
631a6a55-e3a5-4763-9108-1a5605756c20,AL750,,2,6,{3},,,af3efd39-13ea-444a-8806-ad68a110224c
7f55e86d-276f-457a-b758-76f2d29dddf5,AL950,,2,6,{3},,,af3efd39-13ea-444a-8806-ad68a110224c
a0f7c586-2c79-44d0-bc59-918179229481,AQ300,,2,8,{1},,,af3efd39-13ea-444a-8806-ad68a110224c
d8d26477-a223-41ca-93b7-5bb1b4f4f8ab,AQ301,,2,8,{1},,,af3efd39-13ea-444a-8806-ad68a110224c
91a6b91d-85a8-469d-b2bf-8f2e90968d2f,AQ450,,2,8,"{1,3}",,,af3efd39-13ea-444a-8806-ad68a110224c
361d18dc-ba77-4935-8466-4b0859117ab5,AQ451,,2,8,"{1,3}",,,af3efd39-13ea-444a-8806-ad68a110224c
70072021-d70b-4550-a73f-2aa6c8b8b880,AL450,,2,8,"{2,3}",,,af3efd39-13ea-444a-8806-ad68a110224c
4b8e9a7e-a8f4-4b0a-9016-7f5cd12ec4fe,AL550,,2,8,{3},,,af3efd39-13ea-444a-8806-ad68a110224c
79bd07c2-9af7-417e-9511-4d573c26eea1,AL551,,2,8,{3},,,af3efd39-13ea-444a-8806-ad68a110224c
14608ebb-a66b-4035-8a1d-89ada7dda3b9,AL552,,2,8,{3},,,af3efd39-13ea-444a-8806-ad68a110224c
553e6f3a-1e99-43b5-a7ad-d021eb923c25,AL951,,2,8,"{2,3}",,,af3efd39-13ea-444a-8806-ad68a110224c
9b8f7510-ce8d-49b6-9e32-1cc78306f688,AL952,,2,8,{3},,,af3efd39-13ea-444a-8806-ad68a110224c
fa9122cf-5323-4ffc-a5e0-256a90c9330a,AL1000,,2,8,{3},,,af3efd39-13ea-444a-8806-ad68a110224c
143a25fc-630c-4e55-b50f-296e7ea4b62d,SQ100,,3,5,{1},,,af3efd39-13ea-444a-8806-ad68a110224c
bfc991b8-5036-4280-8d36-c1a2f440c0a9,SQ150,,3,5,{1},,,af3efd39-13ea-444a-8806-ad68a110224c
a368c808-ef8b-4527-af1f-4876f36f3047,DQ250,,3,6,"{1,3}",,,af3efd39-13ea-444a-8806-ad68a110224c
22351055-849c-4687-a5ff-576c54d93146,DQ400e,,3,6,{1},,,af3efd39-13ea-444a-8806-ad68a110224c
5acc3599-22da-4552-a7dd-a718b8510756,DQ200,,3,7,{1},,,af3efd39-13ea-444a-8806-ad68a110224c
69ec04d8-cce1-4089-83a1-55ac62790357,DQ380,,3,7,{1},,,af3efd39-13ea-444a-8806-ad68a110224c
1fcc7977-24ea-4fbf-83e8-f87b1c0df322,DQ381,,3,7,"{1,3}",,,af3efd39-13ea-444a-8806-ad68a110224c
7caf3ccf-3512-4a59-85a5-3df78fbf4164,DQ500,,3,7,"{1,3}",,,af3efd39-13ea-444a-8806-ad68a110224c
91288141-d293-41ac-8c65-393f144ecc65,DQ501,,3,7,"{1,3}",,,af3efd39-13ea-444a-8806-ad68a110224c
18ccf1e6-65f5-4039-8dab-e85d3b62ebb2,DL382,,3,7,"{1,3}",,,af3efd39-13ea-444a-8806-ad68a110224c
2eff0815-a008-404b-b43a-332632e2734d,DL501,,3,7,{3},,,af3efd39-13ea-444a-8806-ad68a110224c
0c35d313-a734-4a6e-881c-e19a4c686a8a,DL800,,3,7,"{2,3}",,,af3efd39-13ea-444a-8806-ad68a110224c
df6fc9ce-35b1-4486-85a8-3dece0755dfd,01J,,4,0,{1},,,af3efd39-13ea-444a-8806-ad68a110224c
920af4f5-f8c4-4847-bd18-d41c018c919a,0AN,,4,0,{1},,,af3efd39-13ea-444a-8806-ad68a110224c
470bfd0a-20b1-4be5-89ee-4231b27afd9c,0AW,,4,0,{1},,,af3efd39-13ea-444a-8806-ad68a110224c
6ff85a3b-5744-46bf-8b2e-162e664d7918,MQ100,,1,5,{1},,,af3efd39-13ea-444a-8806-ad68a110224c
698bfdc9-e9de-4ba4-ae65-580ea577296e,MQ150,,1,5,{1},,,af3efd39-13ea-444a-8806-ad68a110224c
79704503-656b-49d7-8e5f-3b96e18eb11e,MQ200,,1,5,{1},,,af3efd39-13ea-444a-8806-ad68a110224c
4288f371-c790-4678-bbda-5d6b8253dfb2,MQ250,,1,5,{1},,,af3efd39-13ea-444a-8806-ad68a110224c
7dce2534-7ec8-4114-bf35-bdead09954ca,ML285,,1,5,"{1,3}",,,af3efd39-13ea-444a-8806-ad68a110224c
dc3d191c-7cd3-4a00-8941-ee9073657dad,MQ281,,1,6,{1},,,af3efd39-13ea-444a-8806-ad68a110224c
d9048104-63ef-4fd6-8164-d287421a442b,MQ350,,1,6,"{1,3}",,,af3efd39-13ea-444a-8806-ad68a110224c
325c3389-a9ed-4a41-b6ce-1340319fcc35,MQ500,,1,6,"{1,3}",,,af3efd39-13ea-444a-8806-ad68a110224c
5e1055be-30ca-485e-8785-6db3842918c5,ML310,,1,6,"{1,3}",,,af3efd39-13ea-444a-8806-ad68a110224c
3bced905-f492-4c1c-8f35-50bab75fb3be,ML311,,1,6,"{1,3}",,,af3efd39-13ea-444a-8806-ad68a110224c
4db6080e-7b1b-4b3b-a7fc-7d49ede8be18,ML322,,1,6,{1},,,af3efd39-13ea-444a-8806-ad68a110224c
dc89bca6-987b-44c7-bd68-5b0cb2fc5171,ML350,,1,6,{1},,,af3efd39-13ea-444a-8806-ad68a110224c
e2a299b1-aaa3-4694-8f22-bc4b40d14b7f,ML351,,1,6,{1},,,af3efd39-13ea-444a-8806-ad68a110224c
75dd6429-cf80-43cc-9810-9ca566b9ca22,ML402,,1,6,"{1,3}",,,af3efd39-13ea-444a-8806-ad68a110224c
8a83f3e1-8b88-4cb4-8296-593a3c69e673,ML450,,1,6,"{1,3}",,,af3efd39-13ea-444a-8806-ad68a110224c
cd1c9b95-bb70-4bc7-8d2e-67502406b670,ML451,,1,6,{3},,,af3efd39-13ea-444a-8806-ad68a110224c
7d1c60b6-3b36-4bee-9aeb-50939e709603,ML390,,1,6,"{2,3}",,,af3efd39-13ea-444a-8806-ad68a110224c
d81b25b8-e4ec-46a6-bd3a-2d739e259ae8,ML400,,1,6,{3},,,af3efd39-13ea-444a-8806-ad68a110224c
51f596bd-781f-4f7e-ae6a-821733aae1c3,ML410,,1,6,"{2,3}",,,af3efd39-13ea-444a-8806-ad68a110224c
f2478f41-2ea0-4224-853e-7dd146849ff4,3L30,,2,3,"{2,3}",,3dc03a68-a9ed-4d5b-a3dd-309273be62f4,
fa74313a-9e1e-497a-9382-e87537ab73c8,3Т40,,2,3,{1},,3dc03a68-a9ed-4d5b-a3dd-309273be62f4,
fabdcdd3-5a47-4647-bff3-0f013471d46c,4T40E,,2,4,{1},,3dc03a68-a9ed-4d5b-a3dd-309273be62f4,
7a3767a2-5d1c-4b60-894b-8d513d143b0e,4T45E,,2,4,{1},,3dc03a68-a9ed-4d5b-a3dd-309273be62f4,
371fef84-cb58-4bb3-982a-26f334db7d70,4Т60Е,,2,4,{1},,3dc03a68-a9ed-4d5b-a3dd-309273be62f4,
8d26d940-17a2-42a7-ac37-2aba7150de12,4Т65Е,,2,4,"{1,3}",,3dc03a68-a9ed-4d5b-a3dd-309273be62f4,
03e20a54-5ec8-4fac-8ea7-6a27394a0a8b,4Т80Е,,2,4,{1},,3dc03a68-a9ed-4d5b-a3dd-309273be62f4,
406d269e-63f6-48fc-9e2d-7bdddf3e85a6,4L30E,,2,4,"{2,3}",,3dc03a68-a9ed-4d5b-a3dd-309273be62f4,
99a334a3-0120-449b-bd76-a702dcd901f2,4L40E,,2,4,{2},,3dc03a68-a9ed-4d5b-a3dd-309273be62f4,
e50c2d6b-bf7e-4813-bdeb-f6384fd32237,4L60E,,2,4,"{2,3}",,3dc03a68-a9ed-4d5b-a3dd-309273be62f4,
cf781124-dd9d-4ba9-9b0f-a6d5e338d443,4L65E,,2,4,"{2,3}",,3dc03a68-a9ed-4d5b-a3dd-309273be62f4,
ec762355-42e9-49ab-b9d4-be6fa66845cd,4L70E,,2,4,"{2,3}",,3dc03a68-a9ed-4d5b-a3dd-309273be62f4,
b8143f76-a22a-4c6d-9ca4-69ad8b1caef8,4L80E,,2,4,"{2,3}",,3dc03a68-a9ed-4d5b-a3dd-309273be62f4,
a0f5ba50-4e3c-4e42-9acd-d38fd23511b0,4L85E,,2,4,"{2,3}",,3dc03a68-a9ed-4d5b-a3dd-309273be62f4,
2962f5ba-2a32-4e84-baa1-4c53dc26dd85,5L40E,,2,5,"{2,3}",,3dc03a68-a9ed-4d5b-a3dd-309273be62f4,
78bb5dae-684f-4011-bba9-d072dd19a4aa,5L50E,,2,5,"{2,3}",,3dc03a68-a9ed-4d5b-a3dd-309273be62f4,
680f0344-ef80-4bc2-a533-59dac9491370,6Т30,,2,6,{1},,3dc03a68-a9ed-4d5b-a3dd-309273be62f4,
9f2871b6-df62-4f04-8fdc-9788da61e943,6T31,,2,6,{1},,3dc03a68-a9ed-4d5b-a3dd-309273be62f4,
a798e589-6d75-4271-b148-ab0af6727684,6Т35,,2,6,{1},,3dc03a68-a9ed-4d5b-a3dd-309273be62f4,
8afc9a91-2630-496a-8259-fe9f3f9b8089,6Т40,,2,6,"{1,3}",,3dc03a68-a9ed-4d5b-a3dd-309273be62f4,
7f4e3ece-34a6-4437-8a08-b17255c582bc,6Т45,,2,6,"{1,3}",,3dc03a68-a9ed-4d5b-a3dd-309273be62f4,
97ef89da-9428-4f18-bd73-c53bb8bb758d,6Т50,,2,6,"{1,3}",,3dc03a68-a9ed-4d5b-a3dd-309273be62f4,
8f328af9-3532-4e24-896b-d1c2aa1ece7f,6T70,,2,6,"{1,3}",,3dc03a68-a9ed-4d5b-a3dd-309273be62f4,
20671fd7-4bf5-4794-bd09-e4c37610dac1,6Т75,,2,6,"{1,3}",,3dc03a68-a9ed-4d5b-a3dd-309273be62f4,
5c85fc47-1ee1-4d6f-af12-2b3049a1f093,6T80,,2,6,{3},,3dc03a68-a9ed-4d5b-a3dd-309273be62f4,
9fe13a04-84c8-4708-baf7-907c77b98471,6L45,,2,6,"{2,3}",,3dc03a68-a9ed-4d5b-a3dd-309273be62f4,
a0626c65-387b-4101-95aa-8fbb4b72e883,6L50,,2,6,"{2,3}",,3dc03a68-a9ed-4d5b-a3dd-309273be62f4,
03211519-b9fb-48b0-8793-bca7db725d81,6L80,,2,6,"{2,3}",,3dc03a68-a9ed-4d5b-a3dd-309273be62f4,
fc57a926-555a-4ccb-9d3e-0b2b6addd66d,6L90,,2,6,"{2,3}",,3dc03a68-a9ed-4d5b-a3dd-309273be62f4,
818f94b7-4479-4130-9d10-5c8862b4f44f,8L45,,2,8,"{2,3}",,3dc03a68-a9ed-4d5b-a3dd-309273be62f4,
be09484e-5933-4439-8923-9a2950bc77f2,8L90,,2,8,"{2,3}",,3dc03a68-a9ed-4d5b-a3dd-309273be62f4,
f57fa307-90e4-4fa0-8a65-38b04d7aa591,8T45,,2,8,"{1,3}",,3dc03a68-a9ed-4d5b-a3dd-309273be62f4,
72a0c3a1-4df5-47a2-984d-c98fd4e29027,8T65,,2,8,"{1,3}",,3dc03a68-a9ed-4d5b-a3dd-309273be62f4,
4aade49a-fb7d-47c7-9b34-686203146e80,9T45,,2,9,"{1,3}",,3dc03a68-a9ed-4d5b-a3dd-309273be62f4,
a6037675-29ae-4093-b6f0-514513552fd5,9T50,,2,9,"{1,3}",,3dc03a68-a9ed-4d5b-a3dd-309273be62f4,
4067ed4c-07cf-4135-a050-8921d7981f05,9T60,,2,9,"{1,3}",,3dc03a68-a9ed-4d5b-a3dd-309273be62f4,
1e533940-0655-418f-a984-90351985e392,9T65,,2,9,"{1,3}",,3dc03a68-a9ed-4d5b-a3dd-309273be62f4,
5ad26014-ddeb-4927-9994-14636df696a8,10L60,,2,10,"{2,3}",,3dc03a68-a9ed-4d5b-a3dd-309273be62f4,
56078756-adbb-46d2-a08a-32069e2ac534,10L80,,2,10,"{2,3}",,3dc03a68-a9ed-4d5b-a3dd-309273be62f4,
7ef855f8-a81a-49f2-89a5-011e1c206ce6,10L90,,2,10,"{2,3}",,3dc03a68-a9ed-4d5b-a3dd-309273be62f4,
f273b86b-8b40-49a5-857b-715e8dad8f4b,10L1000,,2,10,"{2,3}",,3dc03a68-a9ed-4d5b-a3dd-309273be62f4,
77994bf0-4ee5-495b-917f-9be68b577daf,VT20E,,4,0,{1},,3dc03a68-a9ed-4d5b-a3dd-309273be62f4,
a3b04f9f-4529-4008-bb7a-4b7297a9613e,VT25E,,4,0,"{1,3}",,3dc03a68-a9ed-4d5b-a3dd-309273be62f4,
81b8a348-0527-4e90-8102-fbbcf0ca21b4,VT40,,4,0,{1},,3dc03a68-a9ed-4d5b-a3dd-309273be62f4,
45242ee5-dcc1-439e-8267-f64df1628e1b,2ML70,,2,4,"{2,3}",,3dc03a68-a9ed-4d5b-a3dd-309273be62f4,
42f2c194-b979-4027-a45c-6c1526285cd7,4EL70,,2,0,{2},,3dc03a68-a9ed-4d5b-a3dd-309273be62f4,
c326651d-c575-4cd9-81d0-e4235ade158a,4ET50,,2,0,{1},,3dc03a68-a9ed-4d5b-a3dd-309273be62f4,
5c4c7e68-cf28-49f0-8ed1-fece0d4c14a1,5ET50,,2,0,{1},,3dc03a68-a9ed-4d5b-a3dd-309273be62f4,
782f4bfa-eda6-41f0-9cbf-73a4581da4bd,AL4,,2,4,{1},,8e87916f-3123-462b-bf36-ebdddd1ae8c0,
45bac76f-8bc6-405b-a5b9-ecdf2b042add,AT8,,2,4,{1},,8e87916f-3123-462b-bf36-ebdddd1ae8c0,
f93642db-d7c7-40ff-9055-d501c24a9474,4HP14,,2,4,{1},,8e87916f-3123-462b-bf36-ebdddd1ae8c0,
b34af509-a3b6-445d-abe9-9d2e837713a3,4HP18,,2,4,"{1,2,3}",,8e87916f-3123-462b-bf36-ebdddd1ae8c0,
2f4e63fa-7cba-4e62-aec2-99775aca804e,4HP20,,2,4,{1},,8e87916f-3123-462b-bf36-ebdddd1ae8c0,
ddff9c7a-029d-43c3-bf43-93b60296ea9f,4HP22,,2,4,"{2,3}",,8e87916f-3123-462b-bf36-ebdddd1ae8c0,
0aabadf9-5c4c-4ab0-a753-0f8686ad04a8,AT6,,2,6,{1},,8e87916f-3123-462b-bf36-ebdddd1ae8c0,
9e625ba9-8dcc-4cca-8ffc-367be852ae4d,AM6,,2,6,"{1,3}",,8e87916f-3123-462b-bf36-ebdddd1ae8c0,
f4528a37-9aee-4f13-9788-b07fe579b4b0,ATN8,,2,8,{1},,8e87916f-3123-462b-bf36-ebdddd1ae8c0,
c6b35a2e-6093-4618-b02d-6b54cf46ba94,AMN8,,2,8,{1},,8e87916f-3123-462b-bf36-ebdddd1ae8c0,
61d98715-2f95-4ef2-9c9f-638f61341722,ETG5,,3,5,{1},,8e87916f-3123-462b-bf36-ebdddd1ae8c0,
f1984870-19bd-4da2-a8f2-22290344ffd3,2-Tronic,,3,5,{1},,8e87916f-3123-462b-bf36-ebdddd1ae8c0,
6e151faf-1f41-41ae-baf6-016b7a282552,SensoDrive,,3,5,{1},,8e87916f-3123-462b-bf36-ebdddd1ae8c0,
f4d33114-aadf-46ec-9306-859711f96bf7,DCS6,,3,6,"{1,3}",,8e87916f-3123-462b-bf36-ebdddd1ae8c0,
24852284-de87-4016-aad3-de81ba4be67e,EGS6,,3,6,{1},,8e87916f-3123-462b-bf36-ebdddd1ae8c0,
40a6208a-473d-4876-b803-c1eebf4edee8,ETG6,,3,6,{1},,8e87916f-3123-462b-bf36-ebdddd1ae8c0,
7d76e043-9955-4871-bd97-34499835d2c5,FA830,,2,8,"{1,3}",,6358cf4b-e6eb-427d-889b-3d92655885a9,
854c931e-d8ca-48ad-819d-a09640166f0a,FA840,,2,8,"{1,3}",,6358cf4b-e6eb-427d-889b-3d92655885a9,
692a6624-5370-4c36-98a5-2fefd13fa737,45RFE,,2,4,"{2,3}",,5b779cef-19b7-4f96-b944-4fa2c0accc4c,
68969c1e-edda-492b-a364-7a4fd55e2dfe,545RFE,,2,5,"{2,3}",,5b779cef-19b7-4f96-b944-4fa2c0accc4c,
89053d8a-1905-4c37-921e-033833e605ab,65RFE,,2,6,"{2,3}",,5b779cef-19b7-4f96-b944-4fa2c0accc4c,
716a20b7-f54e-4eba-866f-fb156f338f01,68RFE,,2,6,"{2,3}",,5b779cef-19b7-4f96-b944-4fa2c0accc4c,
a25dea45-6666-401c-9c5e-1874b1d2b087,31TH,,2,3,{1},,5b779cef-19b7-4f96-b944-4fa2c0accc4c,
916bee94-a4a7-4e72-aff6-b60cfdb0ae99,32RH,,2,3,"{2,3}",,5b779cef-19b7-4f96-b944-4fa2c0accc4c,
8f6ee1c5-0090-411c-bb17-79b66cef4fef,42RH,,2,4,"{2,3}",,5b779cef-19b7-4f96-b944-4fa2c0accc4c,
7a6b10fc-07aa-4fab-b890-b2b94de56284,42RE,,2,4,"{2,3}",,5b779cef-19b7-4f96-b944-4fa2c0accc4c,
2ca5771d-9e76-4949-aed1-b80a7cda1e4c,44RE,,2,4,"{2,3}",,5b779cef-19b7-4f96-b944-4fa2c0accc4c,
ae743f91-e3b2-41e5-9091-7631f7000f3d,46RE,,2,4,"{2,3}",,5b779cef-19b7-4f96-b944-4fa2c0accc4c,
9f5a65c4-a49c-4ecc-912b-80596f603144,46RH,,2,4,"{2,3}",,5b779cef-19b7-4f96-b944-4fa2c0accc4c,
05c1dec5-4bcb-492e-b3bb-9d4e3fe5eb48,47RH,,2,4,"{2,3}",,5b779cef-19b7-4f96-b944-4fa2c0accc4c,
97ac32e6-62ab-49f3-9a5d-6d17275be5c1,48RE,,2,4,"{2,3}",,5b779cef-19b7-4f96-b944-4fa2c0accc4c,
2096d32b-cc92-447d-9e9f-cfd1edfa7fc6,40TE,,2,4,{1},,5b779cef-19b7-4f96-b944-4fa2c0accc4c,
0713e888-9276-45ef-bf86-d9e47f49a81e,40TES,,2,4,{1},,5b779cef-19b7-4f96-b944-4fa2c0accc4c,
1bf0a624-321f-47d8-ae05-425454d8386c,41AE,,2,4,{3},,5b779cef-19b7-4f96-b944-4fa2c0accc4c,
a8a2b415-34e9-4945-a447-7ea58566366f,41TE,,2,4,{1},,5b779cef-19b7-4f96-b944-4fa2c0accc4c,
8e457b9e-2550-44c7-9357-ea1821f91cf2,41TES,,2,4,{1},,5b779cef-19b7-4f96-b944-4fa2c0accc4c,
753e6b5d-4e35-4aef-97b2-4fe2e7b52616,42LE,,2,4,{1},,5b779cef-19b7-4f96-b944-4fa2c0accc4c,
429f42a8-a46e-4a16-9866-671736412208,42RLE,,2,4,"{2,3}",,5b779cef-19b7-4f96-b944-4fa2c0accc4c,
bd33dea7-d8e0-4052-8b38-89421de9fba1,62TE,,2,6,{1},,5b779cef-19b7-4f96-b944-4fa2c0accc4c,
5f6019e4-1b28-4105-8cc9-6aac98c5528f,A3-B1,,2,3,"{1,2,3}",,5a4a5dd5-e6f0-4878-9780-ebc4f19d4bfc,
376ea753-f3b7-4645-8f6c-52fa96614d70,A3L-B1,,2,3,"{1,3}",,5a4a5dd5-e6f0-4878-9780-ebc4f19d4bfc,
9b36923f-308b-4869-ba36-4da7f4e6aab5,A3S-D1,,2,3,"{2,3}",,5a4a5dd5-e6f0-4878-9780-ebc4f19d4bfc,
e2805939-dcdd-487f-b1dc-f8ba4c06379e,A4-B1,,2,4,{1},,5a4a5dd5-e6f0-4878-9780-ebc4f19d4bfc,
b472e080-6216-482d-8172-ed1d0adb07eb,A4L-B1,,2,4,"{1,3}",,5a4a5dd5-e6f0-4878-9780-ebc4f19d4bfc,
bbfb0cbf-fe6d-4529-9249-abbebdcceb7f,A4B-D1,,2,4,"{1,3}",,5a4a5dd5-e6f0-4878-9780-ebc4f19d4bfc,
a5282524-545a-4158-903f-293ca2326c30,A4J-B1,,2,4,{3},,5a4a5dd5-e6f0-4878-9780-ebc4f19d4bfc,
a9b9c925-ce7f-4e05-836a-09db68c9fce9,A4P-D1,,2,4,"{2,3}",,5a4a5dd5-e6f0-4878-9780-ebc4f19d4bfc,
41c39eb3-c279-4676-afc9-fabac5469b0a,A4Q-D1,,2,4,"{2,3}",,5a4a5dd5-e6f0-4878-9780-ebc4f19d4bfc,
c67975cf-d7cc-4904-a877-07ae74e9e663,PT-08,,4,0,{1},,5a4a5dd5-e6f0-4878-9780-ebc4f19d4bfc,
59808253-520f-4d5b-8383-f6f56bf56497,XA-11LN,,4,0,{1},,5a4a5dd5-e6f0-4878-9780-ebc4f19d4bfc,
d9aa771e-f0e8-4e6c-8455-dda2473371bd,C0B-B1,,4,0,"{1,3}",,5a4a5dd5-e6f0-4878-9780-ebc4f19d4bfc,
1dc24fdc-df40-41ff-a137-e47feb2621ec,FR-CVT,,4,0,"{2,3}",,5a4a5dd5-e6f0-4878-9780-ebc4f19d4bfc,
2de778b1-a7db-4404-9937-d519c98b0478,C0B-B2,,4,0,"{1,3}",,5a4a5dd5-e6f0-4878-9780-ebc4f19d4bfc,
4f8eb711-83bb-4e8d-bfa3-b4482b5c3973,C0C-C2,,4,0,"{1,3}",,5a4a5dd5-e6f0-4878-9780-ebc4f19d4bfc,
ae597574-02c4-4806-88e3-21bffdbd24af,2180,,1,5,{1},,8710e638-ddee-4255-94f0-d86109b057d0,
59c004df-a8b5-4c28-8473-9c57b41eb5d2,2181,,1,5,{1},,8710e638-ddee-4255-94f0-d86109b057d0,
7d9754f7-005f-4224-8e1a-c6001fa51e8a,21807,,1,5,{1},,8710e638-ddee-4255-94f0-d86109b057d0,
8c7dcec4-24d9-4f21-b382-8c7676f40267,21809,,1,5,{1},,8710e638-ddee-4255-94f0-d86109b057d0,
9104ec2d-9751-4562-9bb9-748607780c9c,6MF23F,,1,6,{1},,8710e638-ddee-4255-94f0-d86109b057d0,
55e9a51f-ea78-4459-988c-5181f78582c6,1118,,1,5,{1},,8710e638-ddee-4255-94f0-d86109b057d0,
2dcc98e8-5284-4eae-b6f2-2acf8c4a7d4e,2170,,1,5,{1},,8710e638-ddee-4255-94f0-d86109b057d0,
827f0eef-4287-4c83-b413-174d450b6f96,2190,,1,5,{1},,8710e638-ddee-4255-94f0-d86109b057d0,
99bb7b53-79ea-48e3-9cb6-266cbd6cb38c,2110,,1,5,{1},,8710e638-ddee-4255-94f0-d86109b057d0,
fd314b35-0ef4-42ec-a24c-d86173f4eaea,2111,,1,5,{1},,8710e638-ddee-4255-94f0-d86109b057d0,
be1b701d-87de-4a56-8140-746409601a63,2112,,1,5,{1},,8710e638-ddee-4255-94f0-d86109b057d0,
d8a9ffd6-cab0-44e4-8aed-735e1711f0d0,2109,,1,5,{1},,8710e638-ddee-4255-94f0-d86109b057d0,
a25ebd59-8051-4f9e-a727-59029144e4b4,2113,,1,5,{1},,8710e638-ddee-4255-94f0-d86109b057d0,
8509a684-61de-4fcd-b7c9-a6e5d9bc4b43,2114,,1,5,{1},,8710e638-ddee-4255-94f0-d86109b057d0,
f240c183-752b-496b-87a7-e1883d592936,2115,,1,5,{1},,8710e638-ddee-4255-94f0-d86109b057d0,
92d2964c-f652-4a29-9101-7ebb0b611f1c,2108,,1,4,{1},,8710e638-ddee-4255-94f0-d86109b057d0,
1506aa2e-602b-493f-9271-1e454bdd7979,21083,,1,5,{1},,8710e638-ddee-4255-94f0-d86109b057d0,
40a8448b-d455-41c8-9b3a-fe7666ecb344,2121,,1,4,{1},,8710e638-ddee-4255-94f0-d86109b057d0,
23e59650-230a-4059-9ca0-c1720fca43a9,21213,,1,5,{3},,8710e638-ddee-4255-94f0-d86109b057d0,
f652f50b-9f39-4626-907a-43956e71fafc,21214,,1,5,{3},,8710e638-ddee-4255-94f0-d86109b057d0,
723c9061-4c86-4594-9317-308a706b18d7,2123,,1,5,{3},,8710e638-ddee-4255-94f0-d86109b057d0,
99debdf8-28fd-476e-a593-1926ab1d4a9e,2182,,3,5,{1},,8710e638-ddee-4255-94f0-d86109b057d0,
ac681eba-1c09-4976-a9b1-25b8521d34eb,M11,,2,6,"{1,3}",,1be4ed55-2cf9-419f-a3a8-d9087959b263,
f4ab5610-1618-42ca-9f24-6232ed671fee,M74,,2,4,"{2,3}",,1be4ed55-2cf9-419f-a3a8-d9087959b263,
8528318d-91ba-4ec1-b4aa-4e85f81a7070,M78,,2,4,"{2,3}",,1be4ed55-2cf9-419f-a3a8-d9087959b263,
e3a42b12-a8ff-44cb-a8ad-b25453de2d92,C510,,1,5,{1},,209b6a94-5199-42f0-bc70-dad55aec2707,
d59cf423-e52d-49e4-abb0-a7e50e49c217,C514,,1,5,{1},,209b6a94-5199-42f0-bc70-dad55aec2707,
be33fb30-d560-441a-b18c-a56d09a8dc6c,C530,,1,5,{1},,209b6a94-5199-42f0-bc70-dad55aec2707,
b5615357-52b5-4b3b-a1f9-d3b4ef491820,F23,,1,5,"{1,3}",,209b6a94-5199-42f0-bc70-dad55aec2707,
6b42784f-ac82-4345-b99a-95e8eae36499,F17,,1,5,{1},,209b6a94-5199-42f0-bc70-dad55aec2707,
a937281b-1faa-45a7-b27d-839ecc8eedda,M20,,1,6,{1},,209b6a94-5199-42f0-bc70-dad55aec2707,
bd78bbeb-0bae-4e0e-a40e-077efcaf3ca9,M32,,1,6,"{1,3}",,209b6a94-5199-42f0-bc70-dad55aec2707,
88c80ca4-a2b9-4940-a4f5-fd7a257ecbec,C635,,1,6,"{1,3}",,209b6a94-5199-42f0-bc70-dad55aec2707,
b6bbabcf-a0be-4f9f-800f-cf97be0bf933,Dualogic,,3,5,{1},,209b6a94-5199-42f0-bc70-dad55aec2707,
6183588f-d1e4-4401-bc2e-4ec425bbf31c,Dualogic,,3,6,{1},,209b6a94-5199-42f0-bc70-dad55aec2707,
44cd3774-e18b-46f8-abac-c18b756a4537,C635 DDCT,,3,6,"{1,3}",,209b6a94-5199-42f0-bc70-dad55aec2707,
af097cb9-d87e-41de-9a6a-2e6e888e6d76,C725 DDCT,,3,7,{1},,209b6a94-5199-42f0-bc70-dad55aec2707,
69a31cea-f6d1-4a31-8211-41825840f5cc,AXOD,,2,4,{1},,1f8e2f68-9fa0-4094-9656-369bd379e684,
ec98d3d6-77c4-44b8-833d-ca0c815fcad3,AX4N,,2,4,{1},,1f8e2f68-9fa0-4094-9656-369bd379e684,
af16c85f-0c04-4f58-aecf-851e88ac0200,AX4S,,2,4,{1},,1f8e2f68-9fa0-4094-9656-369bd379e684,
dc2fbb23-07e3-4b09-9d38-e9f750a419e2,CD4E,,2,4,{1},,1f8e2f68-9fa0-4094-9656-369bd379e684,
101fd9ea-adce-44cf-a316-32c87d8f42b0,GF4A-EL,,2,4,{1},,1f8e2f68-9fa0-4094-9656-369bd379e684,
13451325-7197-4fa5-a576-ed2b61854da9,F4A-EL,,2,4,{1},,1f8e2f68-9fa0-4094-9656-369bd379e684,
6f351eb1-b488-4087-a32c-b519fa302fcb,4F27E,,2,4,{1},,1f8e2f68-9fa0-4094-9656-369bd379e684,
e746c821-d4dd-4087-a547-5cb1f9c7d0db,4F44E,,2,4,"{1,3}",,1f8e2f68-9fa0-4094-9656-369bd379e684,
7cb9cefc-4798-42c2-8d55-c0b60a3e2378,4F50N,,2,4,{1},,1f8e2f68-9fa0-4094-9656-369bd379e684,
a3356796-6095-4620-9382-02f356f7b9b1,A4LD,,2,4,"{2,3}",,1f8e2f68-9fa0-4094-9656-369bd379e684,
b33b4c67-e6e7-4bb3-b748-25cd99c4bea8,AODE,,2,4,"{2,3}",,1f8e2f68-9fa0-4094-9656-369bd379e684,
c9504c4f-3e72-492d-9bf4-74bd9bd7b6b4,E4OD,,2,4,"{2,3}",,1f8e2f68-9fa0-4094-9656-369bd379e684,
9f2e8744-b36b-4b66-8d0a-63fe64055b4d,4R44E,,2,4,"{2,3}",,1f8e2f68-9fa0-4094-9656-369bd379e684,
c5c9867d-e1bb-433e-90e0-38d6e4ab2b21,4R55E,,2,4,"{2,3}",,1f8e2f68-9fa0-4094-9656-369bd379e684,
036caf0a-af20-4bc6-8949-ef5f41e6e86a,4R70W,,2,4,"{2,3}",,1f8e2f68-9fa0-4094-9656-369bd379e684,
d7bf4d92-f06c-4c34-8c5e-1e94fe191831,4R75W,,2,4,"{2,3}",,1f8e2f68-9fa0-4094-9656-369bd379e684,
32a4784c-e3e5-45e1-8abd-7101bf9b46d5,4R100,,2,4,"{2,3}",,1f8e2f68-9fa0-4094-9656-369bd379e684,
3c7550d2-1e5e-4d64-b3eb-e4db2b0c5391,5F27E,,2,5,{1},,1f8e2f68-9fa0-4094-9656-369bd379e684,
1c788878-44c5-4239-9f22-57860b54fb52,JF506E,,2,5,"{1,3}",,1f8e2f68-9fa0-4094-9656-369bd379e684,
9c012a9a-654d-4521-88b0-eb8e523178dc,5R44E,,2,5,"{2,3}",,1f8e2f68-9fa0-4094-9656-369bd379e684,
e2d550b6-74c8-450a-839e-bb016f09084b,5R55E,,2,5,"{2,3}",,1f8e2f68-9fa0-4094-9656-369bd379e684,
b0480fa5-6a77-4437-abc3-f5687cd6d1ef,5R110W,,2,5,"{2,3}",,1f8e2f68-9fa0-4094-9656-369bd379e684,
62150ac8-c9d6-41ea-b0b0-364a14bc27e2,6F15,,2,6,{1},,1f8e2f68-9fa0-4094-9656-369bd379e684,
3c4d0a65-aec4-4ec1-a58f-66ba60f0c52d,6F35,,2,6,"{1,3}",,1f8e2f68-9fa0-4094-9656-369bd379e684,
8d36b0f1-be6a-4075-8d38-16ed0380028d,6F50,,2,6,"{1,3}",,1f8e2f68-9fa0-4094-9656-369bd379e684,
87fcde1f-ec7e-4620-b3f9-d46917c3b4ec,6F55,,2,6,"{1,3}",,1f8e2f68-9fa0-4094-9656-369bd379e684,
e9fe83ca-0de0-497a-ad75-2b21289d4ddf,AWF21,,2,6,"{1,3}",,1f8e2f68-9fa0-4094-9656-369bd379e684,
815755b8-f7d2-4c02-956d-84a020ce13d6,6R60,,2,6,"{2,3}",,1f8e2f68-9fa0-4094-9656-369bd379e684,
dfc64d20-0ed5-461a-9f99-0184e5e2af66,6R80,,2,6,"{2,3}",,1f8e2f68-9fa0-4094-9656-369bd379e684,
c3a0c440-eb0c-4d3f-9b08-da461ae608fb,6R75,,2,6,"{2,3}",,1f8e2f68-9fa0-4094-9656-369bd379e684,
236ebb55-162f-4071-b2d0-b7bcd79b8869,6R100,,2,6,"{2,3}",,1f8e2f68-9fa0-4094-9656-369bd379e684,
ea541966-cb23-4f86-ac16-4a468e195bb2,6R140,,2,6,"{2,3}",,1f8e2f68-9fa0-4094-9656-369bd379e684,
00b4bd8d-58d3-43b2-9b6f-cd3cd10e97cd,7F40,,2,7,{1},,1f8e2f68-9fa0-4094-9656-369bd379e684,
c9b14029-d8ea-4773-8450-0928383f327e,8F24,,2,8,{1},,1f8e2f68-9fa0-4094-9656-369bd379e684,
39c72fbb-c5bf-4275-a6ea-2a6731eff8fc,8F35,,2,8,"{1,3}",,1f8e2f68-9fa0-4094-9656-369bd379e684,
0a845c90-520d-45cb-b5eb-254244306ff6,8F40,,2,8,"{1,3}",,1f8e2f68-9fa0-4094-9656-369bd379e684,
4464d907-6600-4aef-93bf-c7172b8c203b,8F57,,2,8,"{1,3}",,1f8e2f68-9fa0-4094-9656-369bd379e684,
8b9be6f1-3002-41c9-a42d-209a7eb51f13,10R60,,2,10,"{2,3}",,1f8e2f68-9fa0-4094-9656-369bd379e684,
bdd333f0-1a4d-4f47-a3b2-2666cfed9abd,10R80,,2,10,"{2,3}",,1f8e2f68-9fa0-4094-9656-369bd379e684,
2c837f3a-3c25-4430-94f0-e46ee51a285e,10R140,,2,10,"{2,3}",,1f8e2f68-9fa0-4094-9656-369bd379e684,
65a90ae8-2f26-4417-bafe-2f89dd922318,Powershift DPS6,,3,6,{1},,1f8e2f68-9fa0-4094-9656-369bd379e684,
23c40111-50cc-4b47-85db-e8c07a6add28,Powershift MPS6,,3,6,"{1,3}",,1f8e2f68-9fa0-4094-9656-369bd379e684,
f92ce664-0cff-4fa0-917b-ab1b2b458f2b,Powershift MPS6i,,3,6,"{1,3}",,1f8e2f68-9fa0-4094-9656-369bd379e684,
4f948df7-06e1-485d-bf4e-812db660f1c3,CFT23,,4,0,{1},,1f8e2f68-9fa0-4094-9656-369bd379e684,
9df64c01-d491-405e-b8f9-7c32d1acfe83,CFT30,,4,0,"{1,3}",,1f8e2f68-9fa0-4094-9656-369bd379e684,
86a74c31-66b0-4e1b-b533-729d7afae6a5,IB5,,1,5,{1},,1f8e2f68-9fa0-4094-9656-369bd379e684,
5b42ac8c-471d-4b8f-99ca-62332f2cfab6,MTX75,,1,5,{1},,1f8e2f68-9fa0-4094-9656-369bd379e684,
0f39b8e3-21ad-4670-9d08-cc022a251563,VXT75,,1,5,{1},,1f8e2f68-9fa0-4094-9656-369bd379e684,
3b747841-8329-404b-a936-77ef20b730b8,5MX65,,1,5,{1},,1f8e2f68-9fa0-4094-9656-369bd379e684,
6519ccf8-8d1f-4a1b-94ee-ef14e7094cf0,IB6,,1,6,"{1,3}",,1f8e2f68-9fa0-4094-9656-369bd379e684,
8be11f32-e34f-4899-a8c3-a60e4aab4c0a,B6 Plus,,1,6,{1},,1f8e2f68-9fa0-4094-9656-369bd379e684,
6eb3e5de-a179-4fea-b7b4-199e13a102cc,M66,,1,6,"{1,3}",,1f8e2f68-9fa0-4094-9656-369bd379e684,
12e2dd6f-c898-47ff-ba7d-07171857fc13,MMT6,,1,6,"{1,3}",,1f8e2f68-9fa0-4094-9656-369bd379e684,
2098b047-c787-4d77-93df-71a530e10a1e,MT82,,1,6,"{2,3}",,1f8e2f68-9fa0-4094-9656-369bd379e684,
a99aa145-1a82-467a-a030-0978b4af7f69,6MX65,,1,6,{1},,1f8e2f68-9fa0-4094-9656-369bd379e684,
a8bc269d-d69d-44c8-944a-8eab5d281471,MT88,,1,7,"{2,3}",,1f8e2f68-9fa0-4094-9656-369bd379e684,
180b78b0-420c-4439-8dde-66ee64b9dfc2,7DCT330,,3,7,"{1,3}",,4a358b56-ee14-4a12-a2b7-dddd7d9ecf63,
64258aeb-b3a8-45c6-93d6-7c05baf00fb3,7DCT300,,3,7,"{1,3}",,4a358b56-ee14-4a12-a2b7-dddd7d9ecf63,
175bc8f1-9928-4196-84d1-eab9368a59a9,7DCT380,,3,7,"{1,3}",,4a358b56-ee14-4a12-a2b7-dddd7d9ecf63,
fb1bf7d1-a1f5-4930-a4fe-605b172a9fd6,F20,,1,5,"{1,3}",,1806fc32-4f03-479b-9e03-51286b73bd79,
01137c17-90a1-4bcb-9bfd-ff1833cefa21,F23,,1,5,"{1,3}",,1806fc32-4f03-479b-9e03-51286b73bd79,
a3aeb251-bd58-46a0-a16f-77c2274bd8c6,F25,,1,5,{1},,1806fc32-4f03-479b-9e03-51286b73bd79,
8797fe4c-704b-4fd2-8a2e-f68fdbb6e16e,F28,,1,6,{3},,1806fc32-4f03-479b-9e03-51286b73bd79,
2bbd2011-08c6-4667-b522-50000a7a77ba,6DCT250,,3,6,{1},,1806fc32-4f03-479b-9e03-51286b73bd79,
7573ae5d-ef76-4919-a171-426609b709c3,6DCT260,,3,6,{1},,1806fc32-4f03-479b-9e03-51286b73bd79,
ee4025dc-ffe1-4af7-9858-434c2771851c,6DCT450,,3,6,"{1,3}",,1806fc32-4f03-479b-9e03-51286b73bd79,
25424d0d-542a-4d00-93d5-79f140f211d4,6DCT451,,3,6,"{1,3}",,1806fc32-4f03-479b-9e03-51286b73bd79,
fb2fdabc-0840-45a2-9628-b211fa074769,6DCT470,,3,6,"{1,3}",,1806fc32-4f03-479b-9e03-51286b73bd79,
ef47ac1b-3511-4e97-9d35-f8b761d0cf01,7DCT300,,3,7,{1},,1806fc32-4f03-479b-9e03-51286b73bd79,
497eb6d2-9494-41e9-a731-3ac6f81ef088,7DCT400,,3,7,"{1,3}",,1806fc32-4f03-479b-9e03-51286b73bd79,
ca339def-13f6-45f0-8401-ddd33d9eb33b,CM52,,1,6,{1},,4378bd7f-cb59-4336-a316-f3086b6c965a,
fa2162d7-1a01-4e41-84c2-b3ca97040586,CS14,,1,6,{3},,4378bd7f-cb59-4336-a316-f3086b6c965a,
a48fc5e9-1fc3-4b85-a10e-5b8f72b8865c,6MF22B,,1,6,{1},,4378bd7f-cb59-4336-a316-f3086b6c965a,
038e048d-29ee-4660-9ba5-100534e181cd,SC5M4D-C,,1,5,{3},,4378bd7f-cb59-4336-a316-f3086b6c965a,
53a693e4-219c-4bcc-96ac-9c4d032999e9,ZM001DF,,1,5,{3},,4378bd7f-cb59-4336-a316-f3086b6c965a,
5741dee9-7e16-45d2-8cb8-33a44ad2ab92,ZM016BF,,1,6,{3},,4378bd7f-cb59-4336-a316-f3086b6c965a,
f06c26c4-3ff4-49a3-b5c9-e19880ce5116,F4A42,,2,4,{1},,4378bd7f-cb59-4336-a316-f3086b6c965a,
909ae3cc-a9a3-40fd-a63b-2f5bf4f640ed,A6MF1,,2,6,"{1,3}",,4378bd7f-cb59-4336-a316-f3086b6c965a,
e5c44164-6c4d-412c-b064-e8eb51bc1cdf,M74,,2,4,"{2,3}",,4378bd7f-cb59-4336-a316-f3086b6c965a,
a70b250c-4f9d-4cbe-808f-483192074c09,A5SR1,,2,5,"{2,3}",,4378bd7f-cb59-4336-a316-f3086b6c965a,
2607a4ba-aaeb-417a-b37e-7e4658a368f6,9AT,,2,9,"{2,3}",,4378bd7f-cb59-4336-a316-f3086b6c965a,
76ef067a-bd87-4eb4-b77d-7a38cd9c5e35,GW7DCT1,,3,7,"{1,3}",,4378bd7f-cb59-4336-a316-f3086b6c965a,
a3cc81b6-3078-43a2-9c82-e0925c89a719,HYT7DCT1,,3,7,"{1,3}",,4378bd7f-cb59-4336-a316-f3086b6c965a,
40f30c6a-f40b-4164-bbed-86c11c55a24b,B7VA,,2,0,{1},,e0a15176-ea8f-4ce3-97a2-afd0430ef93f,
446a8c7f-c3d0-45c7-981d-9a59a68941a0,MCJA,,2,0,{1},,e0a15176-ea8f-4ce3-97a2-afd0430ef93f,
c01a32e6-b786-460c-92df-93f4ae1b4362,MGPA,,2,0,{1},,e0a15176-ea8f-4ce3-97a2-afd0430ef93f,
33933959-2de5-47f2-b275-58ece264fb46,SLXA,,2,0,{1},,e0a15176-ea8f-4ce3-97a2-afd0430ef93f,
8acc25b8-8d45-483c-ad51-f1c9c4c9595f,S4TA,,2,0,{3},,e0a15176-ea8f-4ce3-97a2-afd0430ef93f,
e161cc53-bd57-42a6-8f1f-ee4f77b01288,S4XA,,2,0,{1},,e0a15176-ea8f-4ce3-97a2-afd0430ef93f,
77773662-ac3d-418a-90dd-65c604476c24,B7WA,,2,0,{1},,e0a15176-ea8f-4ce3-97a2-afd0430ef93f,
6beb1472-60ab-4e2b-8c0e-db2869357795,MCTA,,2,0,{1},,e0a15176-ea8f-4ce3-97a2-afd0430ef93f,
2199762e-a46a-4567-9b42-4eadff9f80a4,MGHA,,2,0,{3},,e0a15176-ea8f-4ce3-97a2-afd0430ef93f,
09214afa-b3e9-4de4-ac0e-5f112fbad20a,MZHA,,2,0,{3},,e0a15176-ea8f-4ce3-97a2-afd0430ef93f,
e6d0b69e-df84-498b-9db2-e5a7ab455fd1,PN3A,,2,0,{3},,e0a15176-ea8f-4ce3-97a2-afd0430ef93f,
843a1a96-1043-4b34-9cbb-20083b3a689b,SPCA,,2,0,{1},,e0a15176-ea8f-4ce3-97a2-afd0430ef93f,
d95b4210-8e5e-40d0-a262-e8ed052478b1,SP5A,,2,0,{1},,e0a15176-ea8f-4ce3-97a2-afd0430ef93f,
4602e699-ecdb-43e2-8451-4e838350d202,MDSA,,2,0,{1},,e0a15176-ea8f-4ce3-97a2-afd0430ef93f,
6839415f-c4ef-4b15-a7e2-cff69cb42238,M4JA,,2,0,{1},,e0a15176-ea8f-4ce3-97a2-afd0430ef93f,
53ac5eac-1c7e-4a8c-8802-0663318bfcc4,PJD4,,3,0,{1},,e0a15176-ea8f-4ce3-97a2-afd0430ef93f,
891c03df-c570-4ca7-b3e4-f5e979f2d031,SF7M,,3,0,{1},,e0a15176-ea8f-4ce3-97a2-afd0430ef93f,
0e9d7def-b029-4416-b75b-41c756eead8c,BA7A,,4,0,{1},,e0a15176-ea8f-4ce3-97a2-afd0430ef93f,
c68102a4-7072-4f01-96d0-12697c074ed1,BRGA,,4,0,{1},,e0a15176-ea8f-4ce3-97a2-afd0430ef93f,
ca04667f-56d7-4583-9db5-e782ac76aeeb,MCKA,,4,0,{1},,e0a15176-ea8f-4ce3-97a2-afd0430ef93f,
0f0a5acc-0fe6-404b-93be-77b1454a217b,MENA,,4,0,{1},,e0a15176-ea8f-4ce3-97a2-afd0430ef93f,
ece53d95-6bd3-42b8-a165-a651aee87740,SE5A,,4,0,{1},,e0a15176-ea8f-4ce3-97a2-afd0430ef93f,
27d146f5-0211-4b4d-b133-545453190c67,SLYA,,4,0,{1},,e0a15176-ea8f-4ce3-97a2-afd0430ef93f,
46106725-7be8-47f2-9bb7-d5a0d7b6fb17,SPOA,,4,0,{1},,e0a15176-ea8f-4ce3-97a2-afd0430ef93f,
ba7fad11-d96d-4c1c-a357-f21a4a189f49,SWRA,,4,0,{1},,e0a15176-ea8f-4ce3-97a2-afd0430ef93f,
1b2c6afa-feb1-41ba-9f55-78e47885d38a,A4AF1,,2,4,{1},,,2e58e296-ddea-4c5b-8253-f373c6487c1c
ad51c26a-51b1-4cec-a9dc-3ca0b4159d53,A4AF2,,2,4,{1},,,2e58e296-ddea-4c5b-8253-f373c6487c1c
f31b33ef-d396-499d-859c-7079e86b6fa7,A4AF3,,2,4,{1},,,2e58e296-ddea-4c5b-8253-f373c6487c1c
02092667-45aa-4d1a-8ef9-46312fcf602f,A4BF1,,2,4,{1},,,2e58e296-ddea-4c5b-8253-f373c6487c1c
2bc5d8a3-8e10-4728-b2ed-e63f93e31db5,A4BF2,,2,4,{1},,,2e58e296-ddea-4c5b-8253-f373c6487c1c
d0bfd350-b6f6-4733-848d-21a4298eb8f8,A4BF3,,2,4,{1},,,2e58e296-ddea-4c5b-8253-f373c6487c1c
6132cf89-a53e-4043-afce-c6739471bdfd,A4CF0,,2,4,{1},,,2e58e296-ddea-4c5b-8253-f373c6487c1c
5fa45b3f-40df-4970-88d0-c7f69e3f1c67,A4CF1,,2,4,{1},,,2e58e296-ddea-4c5b-8253-f373c6487c1c
9be1faee-58b9-4f79-9be3-844c82317c50,A4CF2,,2,4,{1},,,2e58e296-ddea-4c5b-8253-f373c6487c1c
05ce06d5-aaa3-41c2-a821-0bab0e4b84c7,A5GF1,,2,5,"{1,3}",,,2e58e296-ddea-4c5b-8253-f373c6487c1c
5259e4cc-4882-41d4-90fe-34bfd80b5e93,A5HF1,,2,5,"{1,3}",,,2e58e296-ddea-4c5b-8253-f373c6487c1c
aed42de7-d53d-4d98-89ca-ca24ba87ed25,A5SR1,,2,5,"{2,3}",,,2e58e296-ddea-4c5b-8253-f373c6487c1c
0a7a9065-0af4-49be-b519-2845e4d45687,A5SR2,,2,5,"{2,3}",,,2e58e296-ddea-4c5b-8253-f373c6487c1c
a68e50b0-a4ed-4bbd-9d6b-cc66dec651ca,A6GF1,,2,6,{1},,,2e58e296-ddea-4c5b-8253-f373c6487c1c
95afacdd-c33b-49ea-926d-e710191e60c4,A6LF1,,2,6,"{1,3}",,,2e58e296-ddea-4c5b-8253-f373c6487c1c
dc56b0e5-a85e-4d21-8f29-5448ec5ba764,A6LF2,,2,6,"{1,3}",,,2e58e296-ddea-4c5b-8253-f373c6487c1c
e2729896-4cc3-47b1-9034-499af28b2358,A6LF3,,2,6,"{1,3}",,,2e58e296-ddea-4c5b-8253-f373c6487c1c
6a0c3357-ddad-470f-a347-431482ec990a,A6MF1,,2,6,"{1,3}",,,2e58e296-ddea-4c5b-8253-f373c6487c1c
3799308b-0613-4ebb-8533-93a7f19f4af7,A6MF2,,2,6,"{1,3}",,,2e58e296-ddea-4c5b-8253-f373c6487c1c
3f091fc7-8ce8-4b23-a2e3-a92f04386a2d,A8MF1,,2,8,"{1,3}",,,2e58e296-ddea-4c5b-8253-f373c6487c1c
ff2c8c3a-ce5c-451e-a079-c853ccd1e1f3,A8LF1,,2,8,"{1,3}",,,2e58e296-ddea-4c5b-8253-f373c6487c1c
c4c4b466-8814-4fec-bb3c-36274da5e1a5,A8LF2,,2,8,"{1,3}",,,2e58e296-ddea-4c5b-8253-f373c6487c1c
73333b04-8b98-42ee-a14f-9416f24b6dda,A8LR1,,2,8,"{2,3}",,,2e58e296-ddea-4c5b-8253-f373c6487c1c
ba79403c-a0c1-4545-8b94-12c2d84e1c65,A8TR1,,2,8,"{2,3}",,,2e58e296-ddea-4c5b-8253-f373c6487c1c
b9fac52f-99f2-4dc0-98be-9b73b8cad213,M5AF2,,1,5,{1},,,2e58e296-ddea-4c5b-8253-f373c6487c1c
99657a9c-039a-4009-894f-cafd6420a1b8,M5AF3,,1,5,{1},,,2e58e296-ddea-4c5b-8253-f373c6487c1c
d967f6c4-69d3-4249-bdb3-74750de2cd6c,M5BF1,,1,5,{1},,,2e58e296-ddea-4c5b-8253-f373c6487c1c
08a910fa-c4f5-4598-95ad-a07de9f653f0,M5BF2,,1,5,{1},,,2e58e296-ddea-4c5b-8253-f373c6487c1c
bd411c1e-33d2-4b34-8b24-2ad5e1de35a0,M5CF1,,1,5,{1},,,2e58e296-ddea-4c5b-8253-f373c6487c1c
0d01f605-2a3c-4ab7-b588-b9accad9e2cc,M5CF2,,1,5,{1},,,2e58e296-ddea-4c5b-8253-f373c6487c1c
030d19e5-e523-4ae2-8bf7-4bde9061073a,M5CF3,,1,5,{1},,,2e58e296-ddea-4c5b-8253-f373c6487c1c
9e21db12-038d-4ce0-82b9-dfe028b7f761,M5EF1,,1,5,{1},,,2e58e296-ddea-4c5b-8253-f373c6487c1c
c65434a2-54b8-4371-9e5b-2765d4f7127c,M5EF2,,1,5,{1},,,2e58e296-ddea-4c5b-8253-f373c6487c1c
de2e23a7-4bf9-452a-8223-6080288e2c74,M5GF1,,1,5,"{1,3}",,,2e58e296-ddea-4c5b-8253-f373c6487c1c
fb0b8977-df4c-4591-8437-159313d5f00b,M5GF2,,1,5,"{1,3}",,,2e58e296-ddea-4c5b-8253-f373c6487c1c
1f8aa102-2c2d-4c79-8ff3-6765ceba9985,M5HF1,,1,5,"{1,3}",,,2e58e296-ddea-4c5b-8253-f373c6487c1c
db505f82-b910-4d37-9ea0-269e9f758837,M5HF2,,1,5,"{1,3}",,,2e58e296-ddea-4c5b-8253-f373c6487c1c
cbff723c-71c0-44d6-831c-cb1dffc47e59,HTX,,1,5,"{1,3}",,,2e58e296-ddea-4c5b-8253-f373c6487c1c
17fd27f3-874c-4084-a013-fdcb059931b5,M5SR1,,1,5,"{2,3}",,,2e58e296-ddea-4c5b-8253-f373c6487c1c
ea3120c3-1e64-459c-9beb-b88af92bdcb2,M5TR1,,1,5,{2},,,2e58e296-ddea-4c5b-8253-f373c6487c1c
ef1097f0-a1ba-41de-9572-c5646a02e006,M5UR1,,1,5,"{2,3}",,,2e58e296-ddea-4c5b-8253-f373c6487c1c
942e7d48-5cff-43dc-acda-3376972d0ec3,M5ZR1,,1,5,{2},,,2e58e296-ddea-4c5b-8253-f373c6487c1c
1f075483-8740-4375-bf0b-ff2c41cd8fa6,M6CF1,,1,6,{1},,,2e58e296-ddea-4c5b-8253-f373c6487c1c
b44626e1-271f-49d0-9719-82801e2e9b14,M6CF3,,1,6,{1},,,2e58e296-ddea-4c5b-8253-f373c6487c1c
e45850a9-a75c-4acd-ae3f-44113b35f636,M6CF4,,1,6,"{1,3}",,,2e58e296-ddea-4c5b-8253-f373c6487c1c
7d39fd07-2d56-47e6-9c61-47979169c4cb,MFA60,,1,6,{1},,,2e58e296-ddea-4c5b-8253-f373c6487c1c
b767bfc8-f57f-4d0d-a67c-3cf7f425ef03,M6GF1,,1,6,"{1,3}",,,2e58e296-ddea-4c5b-8253-f373c6487c1c
e0ce1078-2d1f-426b-9367-2bcc64e89cec,M6GF2,,1,6,"{1,3}",,,2e58e296-ddea-4c5b-8253-f373c6487c1c
fa946e42-efb0-4e8e-9a20-d56f121c466f,M6LF1,,1,6,"{1,3}",,,2e58e296-ddea-4c5b-8253-f373c6487c1c
1e916304-a081-4961-95df-30228fb20af2,M6VR1,,1,6,{2},,,2e58e296-ddea-4c5b-8253-f373c6487c1c
92dce736-b75b-44d1-b5f3-a3d3f2363ddf,M6VR2,,1,6,{2},,,2e58e296-ddea-4c5b-8253-f373c6487c1c
f669c8f1-7045-4ffa-a152-c1a3f2482335,H5AMT,,3,5,{1},,,2e58e296-ddea-4c5b-8253-f373c6487c1c
e2fa03db-9b54-43ff-9e85-a5b81a898582,D6GF1,,3,6,{1},,,2e58e296-ddea-4c5b-8253-f373c6487c1c
0e9976ec-b4b1-46fc-914a-21c9bcf10c2c,D6KF1,,3,6,{1},,,2e58e296-ddea-4c5b-8253-f373c6487c1c
64d219f6-d3bf-4f73-82a0-ef0404037a77,D7GF1,,3,7,{1},,,2e58e296-ddea-4c5b-8253-f373c6487c1c
8a979483-d2dd-4036-9ae4-22dfb65d1c48,D7UF1,,3,7,"{1,3}",,,2e58e296-ddea-4c5b-8253-f373c6487c1c
8833dccf-c99e-459d-9a47-9ba189df5a66,D8LF1,,3,8,"{1,3}",,,2e58e296-ddea-4c5b-8253-f373c6487c1c
61bfa5e2-b5e7-4471-80dc-ebe049f8f123,Gamma CVT,,4,0,"{1,3}",,,2e58e296-ddea-4c5b-8253-f373c6487c1c
da2fab56-8487-4b8c-b830-26176971e95b,Kappa CVT,,4,0,{1},,,2e58e296-ddea-4c5b-8253-f373c6487c1c
8b0f0521-eb4e-4863-84d6-96158f5aaf3a,HEV CVT,,4,0,{1},,,2e58e296-ddea-4c5b-8253-f373c6487c1c
fb02f1d8-3dbe-4b61-9110-5c19c2e7b789,RL3F01A,,2,3,{1},,ad3782ea-0c75-4c7c-a190-4b856a6fedcd,
b1fbf961-9b9e-453c-ac35-dce41530478b,RN3F01A,,2,3,{1},,ad3782ea-0c75-4c7c-a190-4b856a6fedcd,
b9b861ec-9613-494c-9d01-94398193a5de,RL4F01A,,2,4,"{1,3}",,ad3782ea-0c75-4c7c-a190-4b856a6fedcd,
f1197632-3470-4846-ae37-1563b70e581c,RE4F02A,,2,4,{1},,ad3782ea-0c75-4c7c-a190-4b856a6fedcd,
e3205d0c-897d-4ef6-885a-0b6774c54553,RE4F03A,,2,4,"{1,3}",,ad3782ea-0c75-4c7c-a190-4b856a6fedcd,
096efcfb-7084-43b6-a925-ff868d5a30db,RL4F03A,,2,4,{1},,ad3782ea-0c75-4c7c-a190-4b856a6fedcd,
bdc89b09-00e6-453b-af07-8c4ee36145c1,RE4F03B,,2,4,"{1,3}",,ad3782ea-0c75-4c7c-a190-4b856a6fedcd,
02c25939-be2b-46c5-8f76-8afd104bc2b2,JF403E,,2,4,{1},,ad3782ea-0c75-4c7c-a190-4b856a6fedcd,
5673013b-f2fe-4fde-9c9a-3d10a0ec100b,RE4F04B,,2,4,"{1,3}",,ad3782ea-0c75-4c7c-a190-4b856a6fedcd,
ff58a976-9452-40b8-8020-9dcf2849dc09,JF402E,,2,4,{1},,ad3782ea-0c75-4c7c-a190-4b856a6fedcd,
8c730157-358d-4c24-9e59-377846febabc,JF404E,,2,4,{1},,ad3782ea-0c75-4c7c-a190-4b856a6fedcd,
dbeadd40-019b-4b54-9d33-de9a4f8ce014,JF405E,,2,4,{1},,ad3782ea-0c75-4c7c-a190-4b856a6fedcd,
658b91a7-40a0-4c6e-b8e7-aa7db3eded0f,JF414E,,2,4,{1},,ad3782ea-0c75-4c7c-a190-4b856a6fedcd,
7c137091-91f6-468c-b692-e6a7bcd06bcb,JF506E,,2,5,"{1,3}",,ad3782ea-0c75-4c7c-a190-4b856a6fedcd,
78379055-0932-4f56-bc82-8b8ade4ed1fe,JF613E,,2,6,"{1,3}",,ad3782ea-0c75-4c7c-a190-4b856a6fedcd,
a898d718-59c4-4861-8fd0-81ae8873f1eb,3N71B,,2,3,"{2,3}",,ad3782ea-0c75-4c7c-a190-4b856a6fedcd,
ae307316-b2dd-4da6-9be1-f181aba48c9d,JR401E,,2,4,"{2,3}",,ad3782ea-0c75-4c7c-a190-4b856a6fedcd,
cdc31ad6-0952-4376-b988-3764e1e37d05,JR402E,,2,4,"{2,3}",,ad3782ea-0c75-4c7c-a190-4b856a6fedcd,
8cca1c8d-8d2f-4632-b1b8-925a379407e9,JR403E,,2,4,"{2,3}",,ad3782ea-0c75-4c7c-a190-4b856a6fedcd,
3a5f0397-68f1-4b4b-8269-68dc5a5e50cd,JR404E,,2,4,"{2,3}",,ad3782ea-0c75-4c7c-a190-4b856a6fedcd,
9ec753f5-d32c-4d89-9536-d9d83c201476,JR405E,,2,4,"{2,3}",,ad3782ea-0c75-4c7c-a190-4b856a6fedcd,
56072a28-be05-46c9-be50-0e63024eef1c,JR502E,,2,5,"{2,3}",,ad3782ea-0c75-4c7c-a190-4b856a6fedcd,
c326089b-22a0-4991-8224-f725e4cd11b8,JR507E,,2,5,"{2,3}",,ad3782ea-0c75-4c7c-a190-4b856a6fedcd,
151af246-27c7-4b8e-aaec-07836de6880a,JR509E,,2,5,"{2,3}",,ad3782ea-0c75-4c7c-a190-4b856a6fedcd,
ff2fc8dd-13d2-4881-8ed2-f14142c97b2b,JR710E,,2,7,"{2,3}",,ad3782ea-0c75-4c7c-a190-4b856a6fedcd,
5d8cd3f8-0ad4-4d99-8a0b-e8ea0c0d69b1,JR711E,,2,7,"{2,3}",,ad3782ea-0c75-4c7c-a190-4b856a6fedcd,
776f7b79-8420-4889-9ac2-cb59eb9a8eb2,JR712E,,2,7,"{2,3}",,ad3782ea-0c75-4c7c-a190-4b856a6fedcd,
121b3918-defb-4f83-ba4f-a6a72670ff68,RE0F05A,,4,0,{1},,ad3782ea-0c75-4c7c-a190-4b856a6fedcd,
1da9bff1-6b16-4d09-b872-5cee3ed10f7a,RE0F06A,,4,0,{1},,ad3782ea-0c75-4c7c-a190-4b856a6fedcd,
256d5df5-aed3-4b37-a3e1-5d24ebf2fded,RE0F21A,,4,0,{1},,ad3782ea-0c75-4c7c-a190-4b856a6fedcd,
d83d9f9d-d1a9-4d90-b0ff-b7f3decc7b3f,F1C1,,4,0,{1},,ad3782ea-0c75-4c7c-a190-4b856a6fedcd,
3e02d236-75eb-4ab6-bc4f-d7d5f3d7f385,JF009E,,4,0,{1},,ad3782ea-0c75-4c7c-a190-4b856a6fedcd,
cb3d7cef-c3ff-428f-a3b9-25943186822b,JF010E,,4,0,"{1,3}",,ad3782ea-0c75-4c7c-a190-4b856a6fedcd,
9f2547b8-9fc9-470b-9812-85dc9f38c2b5,JF011E,,4,0,"{1,3}",,ad3782ea-0c75-4c7c-a190-4b856a6fedcd,
e5900823-fb62-4c3c-97b3-97219de0917c,JF012E,,4,0,"{1,3}",,ad3782ea-0c75-4c7c-a190-4b856a6fedcd,
3ff1109c-f015-4057-b516-5e695e183d3b,JF015E,,4,0,"{1,3}",,ad3782ea-0c75-4c7c-a190-4b856a6fedcd,
508adea9-b9b2-41e6-bb9c-d0a7c59c315b,JF016E,,4,0,"{1,3}",,ad3782ea-0c75-4c7c-a190-4b856a6fedcd,
b582fe75-81ff-4416-a917-a72908f3d6a6,JF017E,,4,0,"{1,3}",,ad3782ea-0c75-4c7c-a190-4b856a6fedcd,
05623a6e-82a3-467a-b153-62ba32fd8aab,JF018E,,4,0,"{1,3}",,ad3782ea-0c75-4c7c-a190-4b856a6fedcd,
664aaeae-11a2-4ba5-9a37-3a7db9083dbb,JF019E,,4,0,{1},,ad3782ea-0c75-4c7c-a190-4b856a6fedcd,
ee6e1a7e-cecb-472e-8062-07deddebffb3,JF020E,,4,0,{1},,ad3782ea-0c75-4c7c-a190-4b856a6fedcd,
f69a2b6c-8366-4c3d-97b0-c99fd4ccbc95,JF021E,,4,0,"{1,3}",,ad3782ea-0c75-4c7c-a190-4b856a6fedcd,
a6b9b795-99f7-4c60-8dca-698d5ef3cbd0,JF022E,,4,0,"{1,3}",,ad3782ea-0c75-4c7c-a190-4b856a6fedcd,
f52c398e-4afb-4829-8216-127762f25820,JF023E,,4,0,"{1,3}",,ad3782ea-0c75-4c7c-a190-4b856a6fedcd,
e3a109ad-5154-48e0-91aa-b40dbf4e3cd5,RS5F30A,,1,5,{1},,ad3782ea-0c75-4c7c-a190-4b856a6fedcd,
589ee88a-d781-42d3-ae73-14fc4426f87c,RS5F91R,,1,5,{1},,ad3782ea-0c75-4c7c-a190-4b856a6fedcd,
78d56088-3452-4a5a-a76c-178d6143a4fe,RS5F92R,,1,5,{1},,ad3782ea-0c75-4c7c-a190-4b856a6fedcd,
4585260b-11b1-40c7-9e5d-c6a3f5f3ae91,RS6F52A,,1,6,"{1,3}",,ad3782ea-0c75-4c7c-a190-4b856a6fedcd,
ecac9c1a-4252-412d-99a7-b7d87ba64775,RS6F94R,,1,6,{1},,ad3782ea-0c75-4c7c-a190-4b856a6fedcd,
c83cf41e-0e9b-4248-9e3c-b6f8df8c1278,DTF610,,3,6,{1},,3252ed59-13d6-4a75-a3d4-68e111f5f0e8,
3c32c38e-76b2-4e05-b42e-9f74956bf897,DTF630,,3,6,{1},,3252ed59-13d6-4a75-a3d4-68e111f5f0e8,
383f3ed7-7b61-411c-aa67-8e43e69561c0,DTF632,,3,6,{1},,3252ed59-13d6-4a75-a3d4-68e111f5f0e8,
cdb894df-d959-456b-b0bf-ed00fe492e6f,F3A,,2,3,{1},,42805fe7-dd74-46aa-b8ba-7321c8f31f0a,
fc252d9f-981a-4920-922f-ed232f19d3aa,G4A-EL,,2,4,{1},,42805fe7-dd74-46aa-b8ba-7321c8f31f0a,
3c73d030-8e89-40c2-9e4c-8aab80527314,GF4A-EL,,2,4,{1},,42805fe7-dd74-46aa-b8ba-7321c8f31f0a,
63b6666d-b665-4d08-b98d-30b7deab50cc,F4A-EL,,2,4,{1},,42805fe7-dd74-46aa-b8ba-7321c8f31f0a,
2c2936b3-3d78-410b-a2c2-e1880b64decd,4F27E,,2,4,{1},,42805fe7-dd74-46aa-b8ba-7321c8f31f0a,
328f156c-4568-4fac-82bd-9960848b7809,4F44E,,2,4,"{1,3}",,42805fe7-dd74-46aa-b8ba-7321c8f31f0a,
bfd19375-e317-4a1c-a659-f4afe4ed28ee,JR401E,,2,4,"{2,3}",,42805fe7-dd74-46aa-b8ba-7321c8f31f0a,
fe9c2371-130c-4d59-ad01-fff89d525be1,JR402E,,2,4,"{2,3}",,42805fe7-dd74-46aa-b8ba-7321c8f31f0a,
f9ad4ef4-2b17-4f96-ab0e-798223af7ec9,5F27E,,2,5,{1},,42805fe7-dd74-46aa-b8ba-7321c8f31f0a,
96cc10c8-109c-4cce-b865-86763c5f1c8f,JF506E,,2,5,"{1,3}",,42805fe7-dd74-46aa-b8ba-7321c8f31f0a,
f629f929-66cb-4d34-88ea-ee2dd91c1444,AW6A-EL,,2,6,"{1,3}",,42805fe7-dd74-46aa-b8ba-7321c8f31f0a,
1e42d653-ff68-4919-a065-fa32630bbfd9,CW6A-EL,,2,6,{1},,42805fe7-dd74-46aa-b8ba-7321c8f31f0a,
be162773-8ea2-485c-bc22-6bc42362de5d,EW6A-EL,,2,6,{1},,42805fe7-dd74-46aa-b8ba-7321c8f31f0a,
abb818bb-49e0-4776-9cd6-8f013e176066,FW6A-EL,,2,6,{1},,42805fe7-dd74-46aa-b8ba-7321c8f31f0a,
f66d33a4-e729-4862-b4dc-25aab00692a3,GW6A-EL,,2,6,{1},,42805fe7-dd74-46aa-b8ba-7321c8f31f0a,
47dd24a7-7cec-482b-a743-b3a0c845c20b,SJ6A-EL,,2,6,{2},,42805fe7-dd74-46aa-b8ba-7321c8f31f0a,
597a0062-cc32-4cf5-8b24-206c06e7602f,MM8AX-EC,,2,8,{3},,42805fe7-dd74-46aa-b8ba-7321c8f31f0a,
8c1e0583-399c-4b39-ac53-48918a210b2b,PM8AX-EC,,2,8,{3},,42805fe7-dd74-46aa-b8ba-7321c8f31f0a,
cb1f933b-18a8-4206-840a-301246f3b863,722.3,,2,4,"{2,3}",,fa7c5354-2306-48c9-a81c-30b03694b817,
4e4f932c-af98-4abd-8347-a25bf16f0399,722.4,,2,4,{2},,fa7c5354-2306-48c9-a81c-30b03694b817,
56d0f141-8ee2-42ab-a066-a12d9bda126b,722.5,,2,5,{2},,fa7c5354-2306-48c9-a81c-30b03694b817,
d5424dfd-521f-4ac9-a036-2caab8dd9fc1,722.6,,2,5,"{2,3}",,fa7c5354-2306-48c9-a81c-30b03694b817,
4a0fe1f1-1afd-4d67-b096-7c12fb40e0c8,722.7,,2,5,{1},,fa7c5354-2306-48c9-a81c-30b03694b817,
69bbfec1-bfcc-481e-ad85-ea238d8f0c81,722.9,,2,7,"{2,3}",,fa7c5354-2306-48c9-a81c-30b03694b817,
f4b86060-a029-4a2d-811f-aaf950f1128c,SpeedShift MCT 7,,2,7,"{2,3}",,fa7c5354-2306-48c9-a81c-30b03694b817,
a29cbee9-7ec8-43d9-aed3-652b04406222,SpeedShift TCT 7,,2,7,{2},,fa7c5354-2306-48c9-a81c-30b03694b817,
18ae1234-696d-457c-ad4c-d1e5a7ad3edb,725.0,,2,9,"{2,3}",,fa7c5354-2306-48c9-a81c-30b03694b817,
ee72768e-f804-41c2-ba6e-4173f9c5ae83,SpeedShift MCT 9,,2,9,"{2,3}",,fa7c5354-2306-48c9-a81c-30b03694b817,
036ed5d0-18d7-4fb3-a004-cb4be25fe253,SpeedShift TCT 9,,2,9,{3},,fa7c5354-2306-48c9-a81c-30b03694b817,
4b01e801-f620-4d90-9299-296e7934f46f,Sequentronic,,3,6,{2},,fa7c5354-2306-48c9-a81c-30b03694b817,
1a68fd90-b5d5-4a4a-802f-d8758e54793d,Sprintshift,,3,6,{2},,fa7c5354-2306-48c9-a81c-30b03694b817,
4e48c915-8a4d-4610-a4dd-28a39ce99b34,724.0,,3,7,"{1,3}",,fa7c5354-2306-48c9-a81c-30b03694b817,
e2e8a7c5-2727-4d3c-a014-4b1de11217f8,700.4,,3,7,"{2,3}",,fa7c5354-2306-48c9-a81c-30b03694b817,
11eedf05-0cf0-419f-afaf-9e5d17822840,724.1,,3,8,"{1,3}",,fa7c5354-2306-48c9-a81c-30b03694b817,
96e38f1d-5ea2-4483-b407-3e30cb80246f,722.8,,4,0,{1},,fa7c5354-2306-48c9-a81c-30b03694b817,
ce07807b-2a0c-4c25-a309-4549c171baa8,711.6,,1,5,{2},,fa7c5354-2306-48c9-a81c-30b03694b817,
0080bb6b-fa65-46b1-9338-81462c0c9ef8,711.6,,1,6,{2},,fa7c5354-2306-48c9-a81c-30b03694b817,
8607905d-0c35-484f-989c-1a6c44c2e4b2,716.5,,1,5,{1},,fa7c5354-2306-48c9-a81c-30b03694b817,
e3332b70-14ad-4de2-8d8d-36f67f5698bd,717.4,,1,5,"{2,3}",,fa7c5354-2306-48c9-a81c-30b03694b817,
013f4f27-8067-4842-8532-6590b62be58b,716.6,,1,6,"{2,3}",,fa7c5354-2306-48c9-a81c-30b03694b817,
1181cf7a-1d53-40d7-86a2-00db5273958a,716.7,,1,6,"{2,3}",,fa7c5354-2306-48c9-a81c-30b03694b817,
b39a6bf3-4ea5-4ff9-9e07-bebf9bfca7ef,F4A21,,2,4,{1},,019b82f0-518f-4edc-a5b9-c62f812057f2,
22e871d0-5181-4330-9adf-864fa51d0d66,F4A22,,2,4,{1},,019b82f0-518f-4edc-a5b9-c62f812057f2,
05bbfdc3-7b77-4b92-81cf-584da3497735,F4A23,,2,4,{1},,019b82f0-518f-4edc-a5b9-c62f812057f2,
467ef02e-2f76-4a77-a947-38609c0af04d,F4A33,,2,4,{1},,019b82f0-518f-4edc-a5b9-c62f812057f2,
39b65fea-e655-477e-959a-5ff58177dc5e,F4A41,,2,4,{1},,019b82f0-518f-4edc-a5b9-c62f812057f2,
7ee55584-4194-4975-8a88-ae44b574f3cf,F4A42,,2,4,{1},,019b82f0-518f-4edc-a5b9-c62f812057f2,
fcdac355-25aa-4120-ad9c-02884b2c1b48,F4A51,,2,4,{1},,019b82f0-518f-4edc-a5b9-c62f812057f2,
4d10bf60-ffc1-45bf-87b0-a9ada1814f07,W4A32,,2,4,{3},,019b82f0-518f-4edc-a5b9-c62f812057f2,
54ff2b89-808a-463a-a8c3-7ec03ee5fc93,V4A11,,2,4,{3},,019b82f0-518f-4edc-a5b9-c62f812057f2,
472809ba-f7d4-4a0e-9ccb-0d634d7720ac,V4A12,,2,4,{3},,019b82f0-518f-4edc-a5b9-c62f812057f2,
f93bc0ae-a70b-4698-b8be-5895a4e3ddcf,V4AW2,,2,4,{3},,019b82f0-518f-4edc-a5b9-c62f812057f2,
b51534c9-54bf-4cfb-8268-3652394cfb6b,V4AW3,,2,4,{3},,019b82f0-518f-4edc-a5b9-c62f812057f2,
55801810-a9a9-4b0a-ad35-fd7283f7a92a,V4A51,,2,4,{3},,019b82f0-518f-4edc-a5b9-c62f812057f2,
6c6a04ec-5584-42ea-823e-873c79a078e7,F5A51,,2,5,{1},,019b82f0-518f-4edc-a5b9-c62f812057f2,
69494ac6-3655-4364-8212-e207495db006,V5A51,,2,5,{3},,019b82f0-518f-4edc-a5b9-c62f812057f2,
0e65025f-5087-44f1-8e2a-f9e7fd908ee1,V5AWF,,2,5,{3},,019b82f0-518f-4edc-a5b9-c62f812057f2,
27825ebf-9bef-4483-84d2-ed9af616a228,TL-80NF,,2,8,"{2,3}",,019b82f0-518f-4edc-a5b9-c62f812057f2,
7a0feed2-3b37-42d9-8b24-3acc869a8638,6DCT470,,3,6,"{1,3}",,019b82f0-518f-4edc-a5b9-c62f812057f2,
e03cb34e-dc57-444b-b7ba-3c1da6b65f85,F1C1,,4,0,{1},,019b82f0-518f-4edc-a5b9-c62f812057f2,
4403b703-2d27-42ba-8433-a46e79df8118,JF011E,,4,0,"{1,3}",,019b82f0-518f-4edc-a5b9-c62f812057f2,
4413184b-2a2c-46ab-9272-0ecb7833f244,JF015E,,4,0,"{1,3}",,019b82f0-518f-4edc-a5b9-c62f812057f2,
78fa1b06-c8b1-4472-96ed-76bcf093a8d8,JF016E,,4,0,"{1,3}",,019b82f0-518f-4edc-a5b9-c62f812057f2,
2d78655c-116d-427a-8009-1a8c4dc0ec5d,JF018E,,4,0,"{1,3}",,019b82f0-518f-4edc-a5b9-c62f812057f2,
025a16a7-b153-4de7-935e-f6598e164503,AF13,,2,4,{1},,97fe4e48-6e8a-4795-854a-9dea6aaf7990,
683a133f-9cc5-484c-ac1b-722d07bf2669,AF13 II,,2,4,{1},,97fe4e48-6e8a-4795-854a-9dea6aaf7990,
0e7ae0b2-e7b2-408d-bef0-bc3472085678,AF14,,2,4,{1},,97fe4e48-6e8a-4795-854a-9dea6aaf7990,
3bc4c005-8644-4aa5-bd98-bef22e6fb5be,AF17,,2,4,{1},,97fe4e48-6e8a-4795-854a-9dea6aaf7990,
4a63560a-6f86-4311-b5ce-6344393d34ae,AF20,,2,4,{1},,97fe4e48-6e8a-4795-854a-9dea6aaf7990,
99a12f5a-ce3a-4160-8058-cea080dd07fc,AF22,,2,4,{1},,97fe4e48-6e8a-4795-854a-9dea6aaf7990,
fb77af1d-e112-4957-a9bf-04a6333536d6,AF30,,2,4,{1},,97fe4e48-6e8a-4795-854a-9dea6aaf7990,
1eb9fe28-20a8-4364-b36f-dc8271f43cee,AR25,,2,4,{2},,97fe4e48-6e8a-4795-854a-9dea6aaf7990,
54c327ac-f51f-4f62-b3e2-f31bae8de74f,AR35,,2,4,"{2,3}",,97fe4e48-6e8a-4795-854a-9dea6aaf7990,
dc7440f2-c73c-4988-98dd-6c235b3e8b87,AF23,,2,5,{1},,97fe4e48-6e8a-4795-854a-9dea6aaf7990,
2aaa5f68-b628-4cf6-a4a7-41e8bfca3e9d,AF33,,2,5,"{1,3}",,97fe4e48-6e8a-4795-854a-9dea6aaf7990,
22724835-abce-4fe6-9e6a-4285d49ffa1a,6Т30,,2,6,{1},,97fe4e48-6e8a-4795-854a-9dea6aaf7990,
83c04e07-1f22-4552-af69-e61558c052d9,6Т40,,2,6,"{1,3}",,97fe4e48-6e8a-4795-854a-9dea6aaf7990,
b6d4ced1-de78-49f4-8bae-6ea2c1ffa941,6Т45,,2,6,"{1,3}",,97fe4e48-6e8a-4795-854a-9dea6aaf7990,
3d8dfe3c-b695-4c5a-91b1-3e1f21eaea00,AF40,,2,6,"{1,3}",,97fe4e48-6e8a-4795-854a-9dea6aaf7990,
7077ac7d-3a0d-4588-9516-adf9a59730e7,AF50,,2,8,"{1,3}",,97fe4e48-6e8a-4795-854a-9dea6aaf7990,
dc8321a2-c8a5-4830-ab2f-4a73e9a0e063,Easytronic,,3,5,{1},,97fe4e48-6e8a-4795-854a-9dea6aaf7990,
f4948c44-5f28-4e50-ad1d-dfa22a8e0f8e,Easytronic,,3,6,{1},,97fe4e48-6e8a-4795-854a-9dea6aaf7990,
62e7125c-3fee-4c6b-ad75-ceae739112f5,F10,,1,4,{1},,97fe4e48-6e8a-4795-854a-9dea6aaf7990,
a3df6875-ecd1-4a45-b49d-5015b5eb5800,F12,,1,5,{1},,97fe4e48-6e8a-4795-854a-9dea6aaf7990,
68f98f4f-6968-4001-91c2-5db2204e12c7,F13,,1,5,{1},,97fe4e48-6e8a-4795-854a-9dea6aaf7990,
2dc50f9a-55b8-421a-8c83-c4bfb639ff34,F15,,1,5,{1},,97fe4e48-6e8a-4795-854a-9dea6aaf7990,
d26c51ad-5489-4999-8f61-dcc587aca2ad,F16,,1,5,{1},,97fe4e48-6e8a-4795-854a-9dea6aaf7990,
c39fbefa-5d53-445d-adcd-f73de5767f0c,F17,,1,5,{1},,97fe4e48-6e8a-4795-854a-9dea6aaf7990,
003331fa-7186-4ffb-bca1-ec390014865c,F18,,1,5,{1},,97fe4e48-6e8a-4795-854a-9dea6aaf7990,
37cce83d-5cfb-46ed-96ca-834c4016e7a2,F20,,1,5,"{1,3}",,97fe4e48-6e8a-4795-854a-9dea6aaf7990,
5db71f70-abb9-41c3-9410-3085dd344b64,F23,,1,5,"{1,3}",,97fe4e48-6e8a-4795-854a-9dea6aaf7990,
fdb73ccd-0741-420d-94fc-7acdb8c50ad8,F25,,1,5,{1},,97fe4e48-6e8a-4795-854a-9dea6aaf7990,
f90aa48c-5778-4340-bd26-15effe445fca,F35,,1,5,{1},,97fe4e48-6e8a-4795-854a-9dea6aaf7990,
6406e88c-ed2d-4c97-a1da-640182f0ced9,R25,,1,5,{2},,97fe4e48-6e8a-4795-854a-9dea6aaf7990,
d6d38bcf-fbc6-417e-bbce-f5d014ca400d,R28,,1,5,{2},,97fe4e48-6e8a-4795-854a-9dea6aaf7990,
09b38f41-d592-45c9-8d07-55c85c34bee9,R30,,1,5,{2},,97fe4e48-6e8a-4795-854a-9dea6aaf7990,
9cbf8877-bd68-4ad7-97d1-75ee464ac73c,F28,,1,6,{3},,97fe4e48-6e8a-4795-854a-9dea6aaf7990,
324d0e45-48c9-4028-b0d0-187889902b18,F40,,1,6,"{1,3}",,97fe4e48-6e8a-4795-854a-9dea6aaf7990,
2f7d5bed-c2d0-48b9-b095-312ecb2435a0,M20,,1,6,{1},,97fe4e48-6e8a-4795-854a-9dea6aaf7990,
cdd5ae85-dfff-4eef-93c4-dc6358a119ab,M22,,1,6,{1},,97fe4e48-6e8a-4795-854a-9dea6aaf7990,
84630464-bf04-4a6d-98fe-580732aa8258,M32,,1,6,"{1,3}",,97fe4e48-6e8a-4795-854a-9dea6aaf7990,
b2cfb1b3-a415-4128-b44b-7ea70d839e80,VT1,,4,0,{1},,866dad05-c27a-476d-95f2-a8e1ca3b505d,
2b500e53-0824-4734-812e-5ee136c7a452,VT2,,4,0,{1},,866dad05-c27a-476d-95f2-a8e1ca3b505d,
59990a30-24d1-44bc-91ca-0bd3d4e8a2e1,VT3,,4,0,{1},,866dad05-c27a-476d-95f2-a8e1ca3b505d,
9ea08982-b8cd-4e31-8fc3-3bd8d6829213,VT5,,4,0,{1},,866dad05-c27a-476d-95f2-a8e1ca3b505d,
f6d0c94e-0d0c-405b-8045-9553b3124d2c,6L50,,2,6,"{2,3}",,866dad05-c27a-476d-95f2-a8e1ca3b505d,
0ba24773-a2bb-410b-84b9-cbe8c68f9c63,JB1,,1,5,{1},,852caf6a-2391-4431-9919-47d2a058225f,
1b30ff8b-4671-4f9e-98c5-fb7656ecc5cc,JB3,,1,5,{1},,852caf6a-2391-4431-9919-47d2a058225f,
fbe48ce1-1b31-4b23-bbac-31601153280f,JB5,,1,5,{1},,852caf6a-2391-4431-9919-47d2a058225f,
b0e4e68b-4f0c-479d-96fe-f4503ab1823f,JC5,,1,5,{1},,852caf6a-2391-4431-9919-47d2a058225f,
e4c9f45b-4225-47b3-a72b-59e8a1f6f5ee,JC7,,1,5,{3},,852caf6a-2391-4431-9919-47d2a058225f,
79fb63ec-055d-4e2d-afaa-7e307566170a,JE3,,1,5,{2},,852caf6a-2391-4431-9919-47d2a058225f,
c5defd24-a6a1-4a1c-8ebd-4f31656ade92,JH1,,1,5,{1},,852caf6a-2391-4431-9919-47d2a058225f,
d5a3c94b-639f-4f54-84a4-187b7a72320a,PK1,,1,5,{1},,852caf6a-2391-4431-9919-47d2a058225f,
a83fa782-a1bc-4d3e-a5fb-d7d186b2913a,PK5,,1,5,{1},,852caf6a-2391-4431-9919-47d2a058225f,
b3425b5b-1cd2-4d83-a4c4-ab3410b9cc22,VM1,,1,5,{1},,852caf6a-2391-4431-9919-47d2a058225f,
d7bcec97-fef0-4d91-92c8-6c7a99f6f17e,JT4,,1,6,{1},,852caf6a-2391-4431-9919-47d2a058225f,
89408072-590b-4527-8c34-10ff67a15b88,ND0,,1,6,{1},,852caf6a-2391-4431-9919-47d2a058225f,
19a6a142-cc99-4e11-bd38-10f9d6d46136,ND4,,1,6,{1},,852caf6a-2391-4431-9919-47d2a058225f,
83f474cd-cb15-4257-b3ec-87006ecd9783,ND5,,1,6,{1},,852caf6a-2391-4431-9919-47d2a058225f,
80d4e93d-bb19-4e83-9949-901a54dc7dd9,ND8,,1,6,{3},,852caf6a-2391-4431-9919-47d2a058225f,
080a2402-a260-4bdc-b627-0e78b1b1b2f6,PF6,,1,6,{1},,852caf6a-2391-4431-9919-47d2a058225f,
2084b1e5-8172-4856-bef3-f52773aa97a6,PK4,,1,6,{1},,852caf6a-2391-4431-9919-47d2a058225f,
85c80bee-114f-405f-882a-248f1b8765d6,PK6,,1,6,{1},,852caf6a-2391-4431-9919-47d2a058225f,
a057c1e8-e4c0-4d49-b22b-c498f83d6c4d,TL4,,1,6,{1},,852caf6a-2391-4431-9919-47d2a058225f,
466bca30-9cbf-43db-aa93-5b509f6c8c7c,TL6,,1,6,{1},,852caf6a-2391-4431-9919-47d2a058225f,
00845fbf-d0d8-48a2-a90f-0619b5509033,TL8,,1,6,{3},,852caf6a-2391-4431-9919-47d2a058225f,
3f6a937d-1c05-4077-bedd-3f4bdab1d8f0,MB3,,2,3,{1},,852caf6a-2391-4431-9919-47d2a058225f,
6edb6ff0-476b-40cb-84ea-9ab321618955,MJ3,,2,3,{1},,852caf6a-2391-4431-9919-47d2a058225f,
fb2d2c41-adce-45b5-a209-6bf88eb9b77d,AD4,,2,4,{1},,852caf6a-2391-4431-9919-47d2a058225f,
a4877164-063e-419f-b0f9-3744b361ef22,AD8,,2,4,{1},,852caf6a-2391-4431-9919-47d2a058225f,
dc62ea01-e9a9-4608-9a4c-1d24564d9954,AR4,,2,4,{1},,852caf6a-2391-4431-9919-47d2a058225f,
f040221d-aee1-492c-bb82-7456cc5b2003,DP0,,2,4,{1},,852caf6a-2391-4431-9919-47d2a058225f,
cc1a732c-6351-404a-910a-75e21dd5305e,DP2,,2,4,{1},,852caf6a-2391-4431-9919-47d2a058225f,
d6a0dd54-7c7f-49de-8834-b1d8832e22ea,DP8,,2,4,{3},,852caf6a-2391-4431-9919-47d2a058225f,
6254e681-d0b5-4782-9298-907c64c0881e,4HP20,,2,4,{1},,852caf6a-2391-4431-9919-47d2a058225f,
5f1f79a7-a024-4625-ba35-a40742634320,AW50-40LE,,2,4,"{1,3}",,852caf6a-2391-4431-9919-47d2a058225f,
cc49f4ea-8ff5-413a-95f9-46e0e07cc8b3,AW55-50SN,,2,5,"{1,3}",,852caf6a-2391-4431-9919-47d2a058225f,
f958520e-7f87-4348-8788-3284495185b3,TF-80SC,,2,6,"{1,3}",,852caf6a-2391-4431-9919-47d2a058225f,
51b0bd91-6068-42e9-a3ba-f8955c608ea8,JF613E,,2,6,"{1,3}",,852caf6a-2391-4431-9919-47d2a058225f,
e4000074-30fb-49a8-baaf-458b168cd2c6,Easy'R,,3,5,{1},,852caf6a-2391-4431-9919-47d2a058225f,
3a782c9d-0c14-4cae-b5a2-2ca5ebc09a31,TS4,,3,6,{1},,852caf6a-2391-4431-9919-47d2a058225f,
16290c50-a04d-4e81-8519-3accab4853ef,Quickshift 5,,3,5,{1},,852caf6a-2391-4431-9919-47d2a058225f,
ce713ee7-dc6d-4331-bea5-b2e7fb3c94da,PA0,,3,6,{1},,852caf6a-2391-4431-9919-47d2a058225f,
13256d6a-b90e-40a8-949f-fc82620e6a50,DC0,,3,6,{2},,852caf6a-2391-4431-9919-47d2a058225f,
2ebf15ab-c8b6-48ed-82b0-3a017765877a,DC4,,3,6,{1},,852caf6a-2391-4431-9919-47d2a058225f,
72c0f538-40d1-48f1-bbbf-7abf6309d158,DW5,,3,7,{1},,852caf6a-2391-4431-9919-47d2a058225f,
c5fe26e7-1403-4cb9-ab12-c2ece5de9b1a,DW6,,3,6,{1},,852caf6a-2391-4431-9919-47d2a058225f,
80ef7da1-c9cd-439d-9f57-5c5df6b87e04,JF011E,,4,0,"{1,3}",,852caf6a-2391-4431-9919-47d2a058225f,
d677d76e-b8f1-4da1-b5b1-c4399811a129,JF015E,,4,0,"{1,3}",,852caf6a-2391-4431-9919-47d2a058225f,
42015e7e-857c-4689-b12f-d0e38c4c1cb4,DCT360,,3,6,"{1,3}",,b359762e-f29a-4fed-a5ec-8475765b99a9,
d849a463-5da6-4e4c-8e4c-6f80f318b143,DCT250,,3,7,{1},,b359762e-f29a-4fed-a5ec-8475765b99a9,
46235717-72a0-4474-96b6-e99622053b67,DCT280,,3,7,{1},,b359762e-f29a-4fed-a5ec-8475765b99a9,
ee4d75fa-9355-4751-bcef-afb83c577dd7,DCT380,,3,7,"{1,3}",,b359762e-f29a-4fed-a5ec-8475765b99a9,
61fa084b-f855-4d27-b4c1-17b83afe5ae3,SR-8AT300,,2,0,"{1,3}",,e30692fe-1faa-4123-9454-c4b94f72de9a,
1ffb0697-9365-4996-8fc9-12696971a7f1,SR-8AT380,,2,0,{1},,e30692fe-1faa-4123-9454-c4b94f72de9a,
20b01810-3cc1-403f-90e5-eea5bc591a53,A6MF1,,2,6,"{1,3}",,563fbcf4-5200-498c-b99f-28407160bf2c,
b6109ca4-7590-4fe5-9dd1-96ef8f9f4c01,M11,,2,6,"{1,3}",,563fbcf4-5200-498c-b99f-28407160bf2c,
9e8fd38c-cf02-4e9a-9e61-9eb5a62430b8,M74,,2,4,"{2,3}",,563fbcf4-5200-498c-b99f-28407160bf2c,
2e6bb1f3-b3c0-4166-868b-511596155c82,M78,,2,4,"{2,3}",,563fbcf4-5200-498c-b99f-28407160bf2c,
548928c3-918e-40ba-a1da-429a56384d95,4EAT,,2,4,{3},,3a787571-7f7d-4b1f-9d63-f49204605648,
bb68d4bb-ab10-4e2f-ada8-78b995927cff,5EAT,,2,5,{3},,3a787571-7f7d-4b1f-9d63-f49204605648,
ac61e451-3dfd-441b-b02c-b255cea4a4c2,TR580,,4,0,"{1,3}",,3a787571-7f7d-4b1f-9d63-f49204605648,
38b0791b-ff95-4920-90ae-dc7262c7f9f6,TR690,,4,0,"{1,3}",,3a787571-7f7d-4b1f-9d63-f49204605648,
0100a141-5c77-4a34-aed0-f65fd4b2d7f1,A131L,,2,3,{1},,9aec9657-026a-4893-81a4-eb92584d17b9,
8fdec707-8a20-4736-9d5e-afdfcef6442b,A132L,,2,3,{1},,9aec9657-026a-4893-81a4-eb92584d17b9,
68b65dab-ca33-465b-9d94-95354f16763c,AW03-70LE,,2,4,"{2,3}",,9aec9657-026a-4893-81a4-eb92584d17b9,
7a2be3c5-f61f-449d-b8e0-0b59e89e4006,AW03-70LS,,2,4,"{2,3}",,9aec9657-026a-4893-81a4-eb92584d17b9,
a4667e85-fac1-4946-a8aa-ac44825f8fcd,AW03-71LE,,2,4,"{2,3}",,9aec9657-026a-4893-81a4-eb92584d17b9,
66ea8f9f-b7c9-438d-8b1c-642d2e3d4388,AW03-71LS,,2,4,"{2,3}",,9aec9657-026a-4893-81a4-eb92584d17b9,
b6f46da7-e498-409f-b237-4dfedbdb38d5,AW03-72LE,,2,4,"{2,3}",,9aec9657-026a-4893-81a4-eb92584d17b9,
6bff0581-875e-4a60-bd06-255218063be7,AW03-72LS,,2,4,"{2,3}",,9aec9657-026a-4893-81a4-eb92584d17b9,
e1edd4d3-968a-4253-a835-fa7b62aa23de,A140E,,2,4,{1},,9aec9657-026a-4893-81a4-eb92584d17b9,
66b81b55-034d-4fb4-a36a-7b15c51929a4,A141E,,2,4,{2},,9aec9657-026a-4893-81a4-eb92584d17b9,
5f439a2d-0f98-47cb-8439-d6afd0ba7581,A240E,,2,4,{1},,9aec9657-026a-4893-81a4-eb92584d17b9,
851dc00e-9928-4211-a47f-ba387da24fef,A241E,,2,4,{1},,9aec9657-026a-4893-81a4-eb92584d17b9,
d861f7df-7793-4f8f-b32a-8db7d14a2ab7,A241H,,2,4,{3},,9aec9657-026a-4893-81a4-eb92584d17b9,
545d9a03-61f2-4dda-921c-afd6b43e034a,A242E,,2,4,{1},,9aec9657-026a-4893-81a4-eb92584d17b9,
5a768c20-0cfc-4caa-91b3-6ee1b475aa4f,A243E,,2,4,{1},,9aec9657-026a-4893-81a4-eb92584d17b9,
1237953e-9d7d-4551-bd4e-e9a290e92ae5,A243F,,2,4,{3},,9aec9657-026a-4893-81a4-eb92584d17b9,
1bc2dad6-b127-46d5-92e5-9ee88618013f,A244E,,2,4,{1},,9aec9657-026a-4893-81a4-eb92584d17b9,
0daef0da-0cb5-4a44-9704-4521964c8546,A245E,,2,4,{1},,9aec9657-026a-4893-81a4-eb92584d17b9,
a5207464-cdbd-4cbf-bdec-677d298fe812,A246E,,2,4,{1},,9aec9657-026a-4893-81a4-eb92584d17b9,
87ee8bd2-12b8-45bf-bdf9-f40e3bc5ee69,A247E,,2,4,{1},,9aec9657-026a-4893-81a4-eb92584d17b9,
52ee4151-b8a1-4300-993d-1e3f14733f04,A248E,,2,4,{1},,9aec9657-026a-4893-81a4-eb92584d17b9,
339e4e7d-f8a0-48ae-a318-52d50dece9e7,A248F,,2,4,{3},,9aec9657-026a-4893-81a4-eb92584d17b9,
cfa9e6f6-f2b1-4fec-9132-0f2c156aaa95,A340E,,2,4,{2},,9aec9657-026a-4893-81a4-eb92584d17b9,
441e6887-50fa-471f-9bff-91f703cbdedc,A340F,,2,4,{3},,9aec9657-026a-4893-81a4-eb92584d17b9,
4fb07e44-533f-40e3-8d98-ab293bfeeb7a,A340H,,2,4,{3},,9aec9657-026a-4893-81a4-eb92584d17b9,
6664c7d4-04a4-48f0-ae2a-170d2cb6bd6f,A341E,,2,4,{2},,9aec9657-026a-4893-81a4-eb92584d17b9,
dc4b7457-05dc-4b33-ba7e-41a86e597c8e,A341F,,2,4,{3},,9aec9657-026a-4893-81a4-eb92584d17b9,
67e46e43-7631-4b12-8087-e2f8af9e5201,A341H,,2,4,{3},,9aec9657-026a-4893-81a4-eb92584d17b9,
532e693f-b16d-4887-86e0-132420cddcf9,A342E,,2,4,{2},,9aec9657-026a-4893-81a4-eb92584d17b9,
9e699de6-afa5-4324-935d-8a3b8578c46b,A343E,,2,4,{2},,9aec9657-026a-4893-81a4-eb92584d17b9,
5c22c601-c105-490e-b55c-436d49b8815b,A343F,,2,4,{3},,9aec9657-026a-4893-81a4-eb92584d17b9,
ba6d97ed-017c-482f-a5f1-f358e8e843cf,A440F,,2,4,{3},,9aec9657-026a-4893-81a4-eb92584d17b9,
d227cf21-7d62-4395-a1f1-fe759f461b83,A442F,,2,4,{3},,9aec9657-026a-4893-81a4-eb92584d17b9,
90291bbc-32a6-46d6-9fb0-572be0e67210,A443E,,2,4,{2},,9aec9657-026a-4893-81a4-eb92584d17b9,
39f37e37-1d8e-47b8-afe3-9c5392a6695e,A443F,,2,4,{3},,9aec9657-026a-4893-81a4-eb92584d17b9,
0278f36b-cff8-4d08-ae1c-4dc764e826f8,A540E,,2,4,{1},,9aec9657-026a-4893-81a4-eb92584d17b9,
d9677b9c-7afa-445b-8364-889b937671d1,A540H,,2,4,{3},,9aec9657-026a-4893-81a4-eb92584d17b9,
779950be-0321-4403-b8ee-3030f92be472,A541E,,2,4,{1},,9aec9657-026a-4893-81a4-eb92584d17b9,
5f8f4014-435a-42c2-908f-23c80b15fb1a,A350E,,2,5,{2},,9aec9657-026a-4893-81a4-eb92584d17b9,
9c01d5a5-346c-4c33-84a9-bc1b09ae91f6,A650E,,2,5,{2},,9aec9657-026a-4893-81a4-eb92584d17b9,
194c322e-383f-4528-92a9-3b37bba62b08,A651E,,2,5,{2},,9aec9657-026a-4893-81a4-eb92584d17b9,
93e73dd9-7204-4dac-910b-fb372f701c84,A750E,,2,5,{2},,9aec9657-026a-4893-81a4-eb92584d17b9,
d7b55f9b-7918-44df-861d-9543c9d41eed,A750F,,2,5,{3},,9aec9657-026a-4893-81a4-eb92584d17b9,
49e2f8ba-0b90-4acb-82db-c1f8834ec51b,A750H,,2,5,{3},,9aec9657-026a-4893-81a4-eb92584d17b9,
1bf546e6-198b-466b-b6e0-c5dded675bc8,A760E,,2,6,{2},,9aec9657-026a-4893-81a4-eb92584d17b9,
a0d74938-f14e-481d-93e7-175b31d0df22,A760F,,2,6,{3},,9aec9657-026a-4893-81a4-eb92584d17b9,
83e84a8b-e68d-4351-b9f4-1e5ee29f87d0,A760H,,2,6,{3},,9aec9657-026a-4893-81a4-eb92584d17b9,
7d16e85e-864c-4efb-a29e-bac4d80f092a,A761E,,2,6,{2},,9aec9657-026a-4893-81a4-eb92584d17b9,
b426f374-1c9a-44a8-87de-595ca932c5e1,A761H,,2,6,{3},,9aec9657-026a-4893-81a4-eb92584d17b9,
740ce314-4b8a-4c4f-a77b-9a3ce69eefda,A860E,,2,6,{2},,9aec9657-026a-4893-81a4-eb92584d17b9,
cd38d811-7cec-4930-8cff-f324392eced5,A960E,,2,6,{2},,9aec9657-026a-4893-81a4-eb92584d17b9,
aadbd797-e4b5-4328-a3aa-d93d92baee5f,AB60E,,2,6,{2},,9aec9657-026a-4893-81a4-eb92584d17b9,
3f649fd3-8cc9-418f-9310-8be700f97d9e,AB60F,,2,6,{3},,9aec9657-026a-4893-81a4-eb92584d17b9,
51527a97-8511-4857-96ca-d386d22ffef8,AC60E,,2,6,{2},,9aec9657-026a-4893-81a4-eb92584d17b9,
a3eb89ea-94bd-47e0-a1c4-b111fa529673,AC60F,,2,6,{3},,9aec9657-026a-4893-81a4-eb92584d17b9,
b9d09b47-71f2-407d-b378-7211f76cddb2,AA80E,,2,8,{2},,9aec9657-026a-4893-81a4-eb92584d17b9,
bdbe72aa-3ce9-448b-b6c4-c1e725c481e7,AA80F,,2,8,{3},,9aec9657-026a-4893-81a4-eb92584d17b9,
3ce7d706-6ec6-454b-b195-0f3a77bdbb6e,AA81E,,2,8,{2},,9aec9657-026a-4893-81a4-eb92584d17b9,
82e241a0-2bc1-4207-b3d1-853e70cd2d2f,AE80F,,2,8,{3},,9aec9657-026a-4893-81a4-eb92584d17b9,
06fa7c0b-c5e7-4772-bd78-580103fb38f0,AL80E,,2,8,{2},,9aec9657-026a-4893-81a4-eb92584d17b9,
6edc8f9f-4d5c-493f-b3bd-d40d5d3e79f3,AL80F,,2,8,{3},,9aec9657-026a-4893-81a4-eb92584d17b9,
7ee7218a-8b13-4200-817c-259d12184260,AGA0E,,2,10,{2},,9aec9657-026a-4893-81a4-eb92584d17b9,
3681307d-0f78-4ca8-9f04-33ee42ac00f7,AGA0F,,2,10,{3},,9aec9657-026a-4893-81a4-eb92584d17b9,
2c3c0bd3-41aa-4324-a8e9-1faf6fb576ce,AJA0E,,2,10,{2},,9aec9657-026a-4893-81a4-eb92584d17b9,
6054bfe1-22ea-40f8-b113-d442aaaeaae4,AJA0F,,2,10,{3},,9aec9657-026a-4893-81a4-eb92584d17b9,
6c41cabe-53ca-4fdd-9922-04b08ff4bdca,U140E,,2,4,{1},,9aec9657-026a-4893-81a4-eb92584d17b9,
aa3a2c96-c4e5-4b6e-83c8-ae1eebc04f9e,U140F,,2,4,{3},,9aec9657-026a-4893-81a4-eb92584d17b9,
6c41b990-37df-4836-9ddd-13e17e7e3087,U142E,,2,4,{1},,9aec9657-026a-4893-81a4-eb92584d17b9,
cfbff272-493a-4541-b75c-a0e9900df12c,U240E,,2,4,{1},,9aec9657-026a-4893-81a4-eb92584d17b9,
cc4ddc31-9216-478f-acee-bbdabb232266,U240F,,2,4,{3},,9aec9657-026a-4893-81a4-eb92584d17b9,
22fe50e2-b0ee-4211-964a-e6a91aa3d86f,U241E,,2,4,{1},,9aec9657-026a-4893-81a4-eb92584d17b9,
44b5f159-e169-4e05-8522-a94502036158,U340E,,2,4,{1},,9aec9657-026a-4893-81a4-eb92584d17b9,
f0fcd81a-430b-448e-9fb2-87691528a391,U340F,,2,4,{3},,9aec9657-026a-4893-81a4-eb92584d17b9,
294515a3-60ac-42d7-a865-f0e4b7e2a49a,U341E,,2,4,{1},,9aec9657-026a-4893-81a4-eb92584d17b9,
f780363d-d04b-43de-b740-8c3543a1b454,U341F,,2,4,{3},,9aec9657-026a-4893-81a4-eb92584d17b9,
798dc56a-5408-42df-bd27-17c0ee961387,U440E,,2,4,{1},,9aec9657-026a-4893-81a4-eb92584d17b9,
ce50881f-08f6-4400-89f0-2381ac12c60e,U441E,,2,4,{1},,9aec9657-026a-4893-81a4-eb92584d17b9,
94ab2838-34aa-45b1-816a-6ba7f83e282a,U441F,,2,4,{3},,9aec9657-026a-4893-81a4-eb92584d17b9,
b8e25b59-912f-4fdf-b00e-bfe1654f3842,U442E,,2,4,{1},,9aec9657-026a-4893-81a4-eb92584d17b9,
eaa273e1-9690-4b5e-a84a-8330f0f43826,U540E,,2,4,"{2,3}",,9aec9657-026a-4893-81a4-eb92584d17b9,
e0c8e33b-070a-41cf-972f-02542f5f9e7a,U541E,,2,4,{2},,9aec9657-026a-4893-81a4-eb92584d17b9,
3f5e4be1-e80f-4339-a9b1-8c4256b84fd4,U150E,,2,5,{1},,9aec9657-026a-4893-81a4-eb92584d17b9,
2bcc575e-37f5-405e-8fa8-7bf128daf0b2,U151E,,2,5,{1},,9aec9657-026a-4893-81a4-eb92584d17b9,
bb4977c5-0301-4f2d-8953-8d52dc44f41e,U151F,,2,5,{3},,9aec9657-026a-4893-81a4-eb92584d17b9,
9609aeed-f136-48cf-8568-e49cbbc0d50a,U250E,,2,5,{1},,9aec9657-026a-4893-81a4-eb92584d17b9,
f5504457-eb5c-4d87-932a-fd4eed6d837f,U660E,,2,6,{1},,9aec9657-026a-4893-81a4-eb92584d17b9,
ba3d0200-e59c-4e06-9d0c-58254df3e1fe,U660F,,2,6,{3},,9aec9657-026a-4893-81a4-eb92584d17b9,
c3885132-ca73-4057-b3b5-7103351fab27,U661E,,2,6,{1},,9aec9657-026a-4893-81a4-eb92584d17b9,
e006e7c1-95da-43cb-8bc5-b136e48dfa1c,U661F,,2,6,{3},,9aec9657-026a-4893-81a4-eb92584d17b9,
3a926518-15ff-44f2-8fe0-9a304fed7eda,U760E,,2,6,{1},,9aec9657-026a-4893-81a4-eb92584d17b9,
1d9b01cd-d582-46c1-9301-69c0ade0eab2,U760F,,2,6,{3},,9aec9657-026a-4893-81a4-eb92584d17b9,
e7dacf4b-a6f5-4155-865e-ccc56e471213,U761E,,2,6,{1},,9aec9657-026a-4893-81a4-eb92584d17b9,
dde027c2-51bf-4068-b4a1-baa3dca24010,UA80E,,2,8,{1},,9aec9657-026a-4893-81a4-eb92584d17b9,
2e92c7ad-2d00-4550-9c16-a3c4fb877c72,UA80F,,2,8,{3},,9aec9657-026a-4893-81a4-eb92584d17b9,
450401c2-05b9-431f-92a0-98188d319593,UA81F,,2,8,{3},,9aec9657-026a-4893-81a4-eb92584d17b9,
ecd61d6f-a3d2-4cfc-9a3c-50ecc4e980d9,UB80E,,2,8,{1},,9aec9657-026a-4893-81a4-eb92584d17b9,
aca406a3-2cef-416d-a56b-69d993c6718b,UB80F,,2,8,{3},,9aec9657-026a-4893-81a4-eb92584d17b9,
78053ee8-40ca-4797-aee9-22182bce0eb1,U880F,,2,8,{3},,9aec9657-026a-4893-81a4-eb92584d17b9,
df4f29c5-4937-4c47-bcc6-2bbaf19a189f,U881E,,2,8,{1},,9aec9657-026a-4893-81a4-eb92584d17b9,
d21156bd-69c8-47a2-9512-2c5cd8b4c381,U881F,,2,8,{3},,9aec9657-026a-4893-81a4-eb92584d17b9,
9c36703d-e688-4f58-99ea-67694edd7b78,K110,,4,0,{1},,9aec9657-026a-4893-81a4-eb92584d17b9,
c8df17ce-ac38-40f2-829b-be9f49a38e26,K111,,4,0,{1},,9aec9657-026a-4893-81a4-eb92584d17b9,
c346f8a0-ea10-4257-bf22-7d19e61dc8c0,K112,,4,0,{1},,9aec9657-026a-4893-81a4-eb92584d17b9,
4ecc72ce-6d1f-4712-a2e5-60feb8384adc,K114,,4,0,{1},,9aec9657-026a-4893-81a4-eb92584d17b9,
07f907f2-1bfc-47d1-aac6-12e82f407e01,K115,,4,0,{1},,9aec9657-026a-4893-81a4-eb92584d17b9,
2606655f-5139-40c1-b506-fbd4b1a71a5f,K120,,4,0,{1},,9aec9657-026a-4893-81a4-eb92584d17b9,
674a9c96-2433-4ff9-b9df-cc45f8a216fb,K111F,,4,0,{3},,9aec9657-026a-4893-81a4-eb92584d17b9,
3c11c031-ed4a-4466-8f11-2ad1038c899c,K112F,,4,0,{3},,9aec9657-026a-4893-81a4-eb92584d17b9,
fe409c68-49fb-4bf3-b979-85e60c2f14d0,K114F,,4,0,{3},,9aec9657-026a-4893-81a4-eb92584d17b9,
653706cc-d8cc-4d1c-bc87-f3a46e8acc8f,K115F,,4,0,{3},,9aec9657-026a-4893-81a4-eb92584d17b9,
0ab5680f-c297-422b-aaf0-254653c051ef,K120F,,4,0,{3},,9aec9657-026a-4893-81a4-eb92584d17b9,
c9e40124-0292-458a-9c10-008389011610,K210,,4,0,{1},,9aec9657-026a-4893-81a4-eb92584d17b9,
4c79d641-9625-4be5-83ff-dfdbf969464c,K310,,4,0,{1},,9aec9657-026a-4893-81a4-eb92584d17b9,
5cf66f87-5cee-4c28-9421-c1c7a3b4d76a,K311,,4,0,{1},,9aec9657-026a-4893-81a4-eb92584d17b9,
3a200ffc-3321-46c6-a116-2cb5c7a7e65e,K312,,4,0,{1},,9aec9657-026a-4893-81a4-eb92584d17b9,
5b024428-2991-4618-a2df-b76de63907bd,K313,,4,0,{1},,9aec9657-026a-4893-81a4-eb92584d17b9,
b347a3fb-ceaa-41df-a3e3-ec266240c49d,K320,,4,0,{1},,9aec9657-026a-4893-81a4-eb92584d17b9,
cc26dbea-3c05-4c08-a363-31bb1b0d02b3,K310F,,4,0,{3},,9aec9657-026a-4893-81a4-eb92584d17b9,
73231830-fc9e-444f-9790-bc1cdce66f69,K311F,,4,0,{3},,9aec9657-026a-4893-81a4-eb92584d17b9,
fea7daf8-e671-47f5-83f4-794b6a7a601b,K313F,,4,0,{3},,9aec9657-026a-4893-81a4-eb92584d17b9,
2ad10967-d0f3-4ee8-b89f-e194f526a6b7,K320F,,4,0,{3},,9aec9657-026a-4893-81a4-eb92584d17b9,
1259657b-afe8-4af3-a9b9-2f30d4be0637,K410,,4,0,{1},,9aec9657-026a-4893-81a4-eb92584d17b9,
1d40076e-28f7-484e-a450-0309e2e53e7d,K411,,4,0,{1},,9aec9657-026a-4893-81a4-eb92584d17b9,
0a11c105-4a3c-4847-adc8-ba89b6c567a6,K412,,4,0,{1},,9aec9657-026a-4893-81a4-eb92584d17b9,
4c4e8925-513f-4941-ad09-ce6426a59b2c,K41A,,4,0,{1},,9aec9657-026a-4893-81a4-eb92584d17b9,
d1ae0e47-6c09-4600-b378-cb747279c56c,K41B,,4,0,{1},,9aec9657-026a-4893-81a4-eb92584d17b9,
03e7ccf6-e6b0-4ba9-92f5-f093ca7a7ccb,C50A,,3,5,{1},,9aec9657-026a-4893-81a4-eb92584d17b9,
194cb10a-ed09-4f9f-a55b-6e93a7e0d8d6,C53A,,3,5,{1},,9aec9657-026a-4893-81a4-eb92584d17b9,
a99d2188-87c4-4cb3-b070-58613327b1f9,DF515,,3,5,{1},,69ebb8b7-580a-4cce-81ec-5b93134be4a8,
6b6c0d2e-af2f-4782-98ed-774ba713091f,DF727,,3,7,{1},,69ebb8b7-580a-4cce-81ec-5b93134be4a8,
5fe59fed-712b-457f-b457-06b3a5efbba0,DF733,,3,7,{1},,69ebb8b7-580a-4cce-81ec-5b93134be4a8,
6685a887-a9e9-4e8a-8a14-5f3887b8e44d,CVT7,,4,0,{1},,4640f65d-3711-4e54-a3b9-fe7e17e24ac2,
d861cae9-a077-4207-b5bb-a0bf1e32c152,CVT18,,4,0,{1},,4640f65d-3711-4e54-a3b9-fe7e17e24ac2,
7d71aaf3-fd1b-4642-8cdf-e43b23779dc2,CVT25,,4,0,{1},,4640f65d-3711-4e54-a3b9-fe7e17e24ac2,
628abe70-192d-490f-8b85-dd02c5ff9271,4HP14,,2,4,{1},,54e55778-ee5b-423c-9de8-c74d1f7194de,
240e6e0b-a017-4907-836a-b3d08f9fbafc,4HP16,,2,4,{1},,54e55778-ee5b-423c-9de8-c74d1f7194de,
b056892e-d3dc-41ad-a2dd-f0dae3e5c25b,4HP18,,2,4,"{1,2,3}",,54e55778-ee5b-423c-9de8-c74d1f7194de,
afc88186-77ad-4188-b0a7-a36d8f56953b,4HP20,,2,4,{1},,54e55778-ee5b-423c-9de8-c74d1f7194de,
6d9f6596-a186-41dc-ace9-7f0fa0b3e35d,4HP22,,2,4,"{2,3}",,54e55778-ee5b-423c-9de8-c74d1f7194de,
1db98c94-5716-4313-90d9-4bc24cf05faf,4HP24,,2,4,"{1,2,3}",,54e55778-ee5b-423c-9de8-c74d1f7194de,
43615144-8b5c-4b03-bff3-2fb1eabc7c9b,5HP18,,2,5,{2},,54e55778-ee5b-423c-9de8-c74d1f7194de,
108cff3c-1094-4dd2-adc2-fdda9fdd6f8f,5HP19,,2,5,"{1,2,3}",,54e55778-ee5b-423c-9de8-c74d1f7194de,
a9e942f3-d87c-42b3-812e-44fb15dfb6a1,5HP24,,2,5,"{2,3}",,54e55778-ee5b-423c-9de8-c74d1f7194de,
3d0e81b1-8dac-44d2-ac43-ef75debfbe5d,5HP30,,2,5,{2},,54e55778-ee5b-423c-9de8-c74d1f7194de,
063b84bf-6103-4e3e-b01e-6fdd83293e81,6HP19,,2,6,"{2,3}",,54e55778-ee5b-423c-9de8-c74d1f7194de,
7927ad25-6cd8-4214-845d-937113449bee,6HP26,,2,6,"{2,3}",,54e55778-ee5b-423c-9de8-c74d1f7194de,
aa482ee5-eb56-493c-a36a-873f25d65913,6HP32,,2,6,"{2,3}",,54e55778-ee5b-423c-9de8-c74d1f7194de,
043c56e8-45d4-45de-9c79-7c242e370b5c,6HP21,,2,6,"{2,3}",,54e55778-ee5b-423c-9de8-c74d1f7194de,
49de53be-03dd-4266-ae73-c43609652980,6HP28,,2,6,"{2,3}",,54e55778-ee5b-423c-9de8-c74d1f7194de,
4701fe4b-a9c2-43cf-9252-f0fb005c88af,8HP45,,2,8,"{2,3}",,54e55778-ee5b-423c-9de8-c74d1f7194de,
17705a62-0172-4bc7-ab36-95e9b477cbcb,8HP55,,2,8,{3},,54e55778-ee5b-423c-9de8-c74d1f7194de,
5f1488c0-ccba-423d-b038-8c64f7a1f1e9,8HP70,,2,8,"{2,3}",,54e55778-ee5b-423c-9de8-c74d1f7194de,
13faf9b6-4ccf-4fbc-900f-2df12f70058f,8HP90,,2,8,"{2,3}",,54e55778-ee5b-423c-9de8-c74d1f7194de,
642cd4d4-2e71-4909-baea-234259e635a6,8HP50,,2,8,"{2,3}",,54e55778-ee5b-423c-9de8-c74d1f7194de,
9aacf17b-d32f-4c4a-a7cc-5e9657e5753e,8HP65,,2,8,{3},,54e55778-ee5b-423c-9de8-c74d1f7194de,
c2ecf729-a6be-40d9-815b-3b138b361a53,8HP75,,2,8,"{2,3}",,54e55778-ee5b-423c-9de8-c74d1f7194de,
9eaae56d-b373-4e2e-8706-4ee25284bca4,8HP95,,2,8,"{2,3}",,54e55778-ee5b-423c-9de8-c74d1f7194de,
77dacc97-bd2c-45e1-9ae7-4b2c28e02102,8HP51,,2,8,"{2,3}",,54e55778-ee5b-423c-9de8-c74d1f7194de,
318f33c0-74e4-4738-be0e-83e964b6eeaa,8HP76,,2,8,"{2,3}",,54e55778-ee5b-423c-9de8-c74d1f7194de,
7b368d12-7df2-4518-8f3b-25a6446e70e7,8HP60,,2,8,"{2,3}",,54e55778-ee5b-423c-9de8-c74d1f7194de,
b0ea4c4d-a5ef-40cf-bf87-525d837ca07d,8HP80,,2,8,{3},,54e55778-ee5b-423c-9de8-c74d1f7194de,
0c0af933-bff5-4596-bcbf-c8e64c04f5f6,8HP100,,2,8,{3},,54e55778-ee5b-423c-9de8-c74d1f7194de,
9139dc47-de77-4a87-b063-d7eb50261e38,9HP28,,2,9,"{1,3}",,54e55778-ee5b-423c-9de8-c74d1f7194de,
18bddc55-00c2-47b6-9ccf-91c33326061b,9HP48,,2,9,"{1,3}",,54e55778-ee5b-423c-9de8-c74d1f7194de,
ca003d30-9e9f-4698-b75e-965f5c470bab,9HP50,,2,9,"{1,3}",,54e55778-ee5b-423c-9de8-c74d1f7194de,
ee1cd24e-2ddc-416a-a58f-35698b851ef0,7DT-45,,3,7,"{2,3}",,54e55778-ee5b-423c-9de8-c74d1f7194de,
6f07dfef-7731-4901-ab19-6d8a402e7e45,7DT-70,,3,7,"{2,3}",,54e55778-ee5b-423c-9de8-c74d1f7194de,
e3f6563b-4f11-4e6b-88be-c181f351ae91,7DT-75,,3,7,"{2,3}",,54e55778-ee5b-423c-9de8-c74d1f7194de,
6877c5bf-a828-48de-8ebe-ae4b500d9a39,8DT-55,,3,8,"{2,3}",,54e55778-ee5b-423c-9de8-c74d1f7194de,
e78d16d0-b312-42f8-bc85-e2efe9a08000,8DT-80,,3,8,"{2,3}",,54e55778-ee5b-423c-9de8-c74d1f7194de,
346eefed-cf4d-4547-936a-b2202912453a,CFT23,,4,0,{1},,54e55778-ee5b-423c-9de8-c74d1f7194de,
988c43bb-e80c-482c-98f1-f1a3fa808780,CFT30,,4,0,"{1,3}",,54e55778-ee5b-423c-9de8-c74d1f7194de,
